<?xml version='1.0' encoding='UTF-8'?>
<dataset>
  <table name="address">
    <column>ID</column>
    <column>ZIP</column>
    <row>
      <value>1</value>
      <value>Zip1</value>
    </row>
    <row>
      <value>2</value>
      <value>Zip2</value>
    </row>
    <row>
      <value>3</value>
      <value>Zip3</value>
    </row>
    <row>
      <value>4</value>
      <value>Zip4</value>
    </row>
    <row>
      <value>5</value>
      <value>Zip5</value>
    </row>
  </table>
  <table name="album">
    <column>ID</column>
    <column>TITLE</column>
    <row>
      <value>1</value>
      <value><![CDATA[Venetian Oboe Concertos]]></value>
    </row>
    <row>
      <value>2</value>
      <value><![CDATA[The Cello]]></value>
    </row>
  </table>
  <table name="album_song">
    <column>SONG_ID</column>
    <column>ALBUM_ID</column>
    <row>
      <value>1</value>
      <value>1</value>
    </row>
    <row>
      <value>2</value>
      <value>1</value>
    </row>
    <row>
      <value>3</value>
      <value>1</value>
    </row>
    <row>
      <value>4</value>
      <value>1</value>
    </row>
    <row>
      <value>5</value>
      <value>1</value>
    </row>
    <row>
      <value>6</value>
      <value>1</value>
    </row>
    <row>
      <value>7</value>
      <value>2</value>
    </row>
    <row>
      <value>8</value>
      <value>2</value>
    </row>
    <row>
      <value>9</value>
      <value>2</value>
    </row>
    <row>
      <value>10</value>
      <value>2</value>
    </row>
    <row>
      <value>11</value>
      <value>2</value>
    </row>
  </table>
  <table name="all_data_type">
    <column>ID</column>
    <column>BOOLEAN_PRIMITIVE_VALUE</column>
    <column>BOOLEAN_VALUE</column>
    <column>CHARACTER_PRIMITIVE_VALUE</column>
    <column>CHARACTER_VALUE</column>
    <column>DATE_PRIMITIVE_VALUE</column>
    <column>DATE_VALUE</column>
    <column>DOUBLE_PRIMITIVE_VALUE</column>
    <column>DOUBLE_VALUE</column>
    <column>FLOAT_PRIMITIVE_VALUE</column>
    <column>FLOAT_VALUE</column>
    <column>INT_PRIMITIVE_VALUE</column>
    <column>INT_VALUE</column>
    <column>LONG_PRIMITIVE_VALUE</column>
    <column>LONG_VALUE</column>
    <column>STRING_PRIMITIVE_VALUE</column>
    <column>STRING_VALUE</column>
    <row>
      <value>1</value>
      <value>true</value>
      <value>true</value>
      <value>a</value>
      <value>a</value>
      <value><![CDATA[2007-10-01 00:00:00.0]]></value>
      <value><![CDATA[2011-11-11 00:00:00.0]]></value>
      <value>10001.0</value>
      <value>-1.1</value>
      <value>10.01</value>
      <value>1.1</value>
      <value>11</value>
      <value>-1</value>
      <value>1000001</value>
      <value>1000001</value>
      <value>abc</value>
      <value><![CDATA[,./-+/*&&()||=='"%"!\]]></value>
    </row>
    <row>
      <value>2</value>
      <value>false</value>
      <value>false</value>
      <value>b</value>
      <value>b</value>
      <value><![CDATA[2007-10-02 00:00:00.0]]></value>
      <value><![CDATA[2012-12-12 00:00:00.0]]></value>
      <value>10002.0</value>
      <value>0.0</value>
      <value>10.02</value>
      <value>222.22</value>
      <value>12</value>
      <value>0</value>
      <value>1000002</value>
      <value>1000002</value>
      <value>def</value>
      <value><![CDATA['Steve's Test']]></value>
    </row>
    <row>
      <value>3</value>
      <value>true</value>
      <value>true</value>
      <value>c</value>
      <value>c</value>
      <value><![CDATA[2007-10-03 00:00:00.0]]></value>
      <value><![CDATA[2003-03-03 00:00:00.0]]></value>
      <value>10003.0</value>
      <value>1.1</value>
      <value>10.03</value>
      <value>333.33</value>
      <value>13</value>
      <value>1</value>
      <value>1000003</value>
      <value>1000003</value>
      <value>ghi</value>
      <value><![CDATA[~!@#$%^&*()_+-={}|:"<>?[]\;',./-+/*&&()||=='"%"!\']]></value>
    </row>
    <row>
      <value>4</value>
      <value>false</value>
      <value>false</value>
      <value>d</value>
      <value>d</value>
      <value><![CDATA[2007-10-04 00:00:00.0]]></value>
      <value><![CDATA[2004-04-04 00:00:00.0]]></value>
      <value>10004.0</value>
      <value>10000.0</value>
      <value>10.04</value>
      <value>444.44</value>
      <value>14</value>
      <value>10000</value>
      <value>1000004</value>
      <value>1000004</value>
      <value>jkl</value>
      <value>01234567890123456789012345678901234567890123456789</value>
    </row>
    <row>
      <value>5</value>
      <value>true</value>
      <value>true</value>
      <value>e</value>
      <value>e</value>
      <value><![CDATA[2007-10-05 00:00:00.0]]></value>
      <value><![CDATA[2005-05-05 00:00:00.0]]></value>
      <value>10005.0</value>
      <value>555.55</value>
      <value>10.05</value>
      <value>555.55</value>
      <value>15</value>
      <value>5</value>
      <value>1000005</value>
      <value>1000005</value>
      <value>mno</value>
      <value>String_Value5</value>
    </row>
  </table>
  <table name="all_data_type_string_coll">
    <column>ALL_DATA_TYPE_ID</column>
    <column>STRING_VALUE</column>
    <row>
      <value>1</value>
      <value><![CDATA[String_Collection 1]]></value>
    </row>
    <row>
      <value>1</value>
      <value><![CDATA[String_Collection 2]]></value>
    </row>
    <row>
      <value>1</value>
      <value><![CDATA[String_Collection 3]]></value>
    </row>
  </table>
  <table name="assistant">
    <column>ID</column>
    <column>NAME</column>
    <column>PROFESSOR_ID</column>
    <row>
      <value>1</value>
      <value>Assistant_Name1</value>
      <value>1</value>
    </row>
    <row>
      <value>2</value>
      <value>Assistant_Name2</value>
      <value>2</value>
    </row>
    <row>
      <value>3</value>
      <value>Assistant_Name3</value>
      <value>2</value>
    </row>
    <row>
      <value>4</value>
      <value>Assistant_Name4</value>
      <value>6</value>
    </row>
    <row>
      <value>5</value>
      <value>Assistant_Name5</value>
      <value>7</value>
    </row>
    <row>
      <value>6</value>
      <value>Assistant_Name6</value>
      <value>7</value>
    </row>
    <row>
      <value>7</value>
      <value>Assistant_Name7</value>
      <value>11</value>
    </row>
    <row>
      <value>8</value>
      <value>Assistant_Name8</value>
      <value>12</value>
    </row>
    <row>
      <value>9</value>
      <value>Assistant_Name9</value>
      <value>12</value>
    </row>
  </table>
  <table name="assistant_professor">
    <column>PROFESSOR_ID</column>
    <column>JOINING_YEAR</column>
    <row>
      <value>11</value>
      <value>11</value>
    </row>
    <row>
      <value>12</value>
      <value>12</value>
    </row>
    <row>
      <value>13</value>
      <value>13</value>
    </row>
    <row>
      <value>14</value>
      <value>14</value>
    </row>
    <row>
      <value>15</value>
      <value>15</value>
    </row>
  </table>
  <table name="associate_professor">
    <column>PROFESSOR_ID</column>
    <column>YEARS_SERVED</column>
    <row>
      <value>6</value>
      <value>6</value>
    </row>
    <row>
      <value>7</value>
      <value>7</value>
    </row>
    <row>
      <value>8</value>
      <value>8</value>
    </row>
    <row>
      <value>9</value>
      <value>9</value>
    </row>
    <row>
      <value>10</value>
      <value>10</value>
    </row>
  </table>
  <table name="author">
    <column>ID</column>
    <column>NAME</column>
    <row>
      <value>1</value>
      <value>Author1</value>
    </row>
    <row>
      <value>2</value>
      <value>Author2</value>
    </row>
    <row>
      <value>3</value>
      <value>Author3</value>
    </row>
    <row>
      <value>4</value>
      <value>Author4</value>
    </row>
    <row>
      <value>5</value>
      <value>Author5</value>
    </row>
  </table>
  <table name="author_book">
    <column>BOOK_ID</column>
    <column>AUTHOR_ID</column>
    <row>
      <value>1</value>
      <value>1</value>
    </row>
    <row>
      <value>2</value>
      <value>2</value>
    </row>
    <row>
      <value>3</value>
      <value>2</value>
    </row>
  </table>
  <table name="bag">
    <column>ID</column>
    <column>STYLE</column>
    <row>
      <value>1</value>
      <value>Baguettes</value>
    </row>
    <row>
      <value>2</value>
      <value>Barrel</value>
    </row>
    <row>
      <value>3</value>
      <value>Beach</value>
    </row>
    <row>
      <value>4</value>
      <value>Bowler</value>
    </row>
    <row>
      <value>5</value>
      <value>Bucket</value>
    </row>
    <row>
      <value>6</value>
      <value>Duffel</value>
    </row>
    <row>
      <value>7</value>
      <value>Evening</value>
    </row>
    <row>
      <value>8</value>
      <value>Flap</value>
    </row>
    <row>
      <value>9</value>
      <value>Hobos</value>
    </row>
    <row>
      <value>10</value>
      <value>Pochettes</value>
    </row>
    <row>
      <value>11</value>
      <value>Satchel</value>
    </row>
  </table>
  <table name="bag_handle">
    <column>BAG_ID</column>
    <column>HANDLE_ID</column>
    <row>
      <value>1</value>
      <value>1</value>
    </row>
    <row>
      <value>2</value>
      <value>2</value>
    </row>
    <row>
      <value>3</value>
      <value>3</value>
    </row>
    <row>
      <value>4</value>
      <value>4</value>
    </row>
    <row>
      <value>5</value>
      <value>5</value>
    </row>
    <row>
      <value>6</value>
      <value>6</value>
    </row>
    <row>
      <value>7</value>
      <value>7</value>
    </row>
    <row>
      <value>8</value>
      <value>8</value>
    </row>
    <row>
      <value>9</value>
      <value>9</value>
    </row>
    <row>
      <value>10</value>
      <value>10</value>
    </row>
  </table>
  <table name="bank">
    <column>ID</column>
    <column>NAME</column>
    <row>
      <value>1</value>
      <value>Bank1</value>
    </row>
    <row>
      <value>2</value>
      <value>Bank2</value>
    </row>
    <row>
      <value>3</value>
      <value>Bank3</value>
    </row>
    <row>
      <value>4</value>
      <value>Bank4</value>
    </row>
  </table>
  <table name="book">
    <column>ID</column>
    <column>NAME</column>
    <row>
      <value>1</value>
      <value>Book1</value>
    </row>
    <row>
      <value>2</value>
      <value>Book2</value>
    </row>
    <row>
      <value>3</value>
      <value>Book3</value>
    </row>
    <row>
      <value>4</value>
      <value>Book4</value>
    </row>
    <row>
      <value>5</value>
      <value>Book5</value>
    </row>
  </table>
  <table name="bride">
    <column>ID</column>
    <column>NAME</column>
    <row>
      <value>1</value>
      <value><![CDATA[Bride 1]]></value>
    </row>
    <row>
      <value>2</value>
      <value><![CDATA[Bride 2]]></value>
    </row>
    <row>
      <value>3</value>
      <value><![CDATA[Bride 3]]></value>
    </row>
    <row>
      <value>4</value>
      <value><![CDATA[Bride 4]]></value>
    </row>
  </table>
  <table name="bride_father_in_law">
    <column>BRIDE_ID</column>
    <column>IN_LAW_ID</column>
    <row>
      <value>1</value>
      <value>1</value>
    </row>
    <row>
      <value>2</value>
      <value>3</value>
    </row>
  </table>
  <table name="bride_mother_in_law">
    <column>BRIDE_D</column>
    <column>IN_LAW_ID</column>
    <row>
      <value>1</value>
      <value>2</value>
    </row>
    <row>
      <value>3</value>
      <value>5</value>
    </row>
  </table>
  <table name="button">
    <column>ID</column>
    <column>HOLES</column>
    <row>
      <value>1</value>
      <value>2</value>
    </row>
    <row>
      <value>2</value>
      <value>4</value>
    </row>
  </table>
  <table name="calculator">
    <column>ID</column>
    <column>DISCRIMINATOR</column>
    <column>BRAND</column>
    <row>
      <value>1</value>
      <value>financial</value>
      <value>NCR</value>
    </row>
    <row>
      <value>2</value>
      <value>scientific</value>
      <value><![CDATA[Texas Instruments]]></value>
    </row>
    <row>
      <value>3</value>
      <value>graphics</value>
      <value>HP</value>
    </row>
  </table>
  <table name="card">
    <column>ID</column>
    <column>IMAGE</column>
    <column>NAME</column>
    <column>SUIT_ID</column>
  </table>
  <table name="cash">
    <column>PAYMENT_ID</column>
  </table>
  <table name="chain">
    <column>ID</column>
    <column>METAL</column>
  </table>
  <table name="chain_pendant">
    <column>CHAIN_ID</column>
    <column>PENDANT_ID</column>
  </table>
  <table name="character_key">
    <column>ID</column>
    <column>NAME</column>
  </table>
  <table name="character_primitive_key">
    <column>ID</column>
    <column>NAME</column>
  </table>
  <table name="chef">
    <column>ID</column>
    <column>NAME</column>
    <column>RESTAURANT_ID</column>
  </table>
  <table name="child">
    <column>ID</column>
    <column>NAME</column>
    <column>MOTHER_ID</column>
    <column>FATHER_ID</column>
  </table>
  <table name="computer">
    <column>ID</column>
    <column>TYPE</column>
  </table>
  <table name="credit">
    <column>PAYMENT_ID</column>
    <column>CARD_NUMBER</column>
    <column>BANK_ID</column>
  </table>
  <table name="crt_monitor">
    <column>MONITOR_ID</column>
    <column>REFRESH_RATE</column>
  </table>
  <table name="currency">
    <column>ID</column>
    <column>DISCRIMINATOR</column>
    <column>COUNTRY</column>
    <column>VALUE</column>
  </table>
  <table name="deck">
    <column>ID</column>
    <column>NAME</column>
  </table>
  <table name="designer">
    <column>ID</column>
    <column>NAME</column>
  </table>
  <table name="dessert">
    <column>ID</column>
    <column>DISCRIMINATOR</column>
    <column>FILLING</column>
    <column>TOPPING</column>
  </table>
  <table name="dessert_utensil">
    <column>DESSERT_ID</column>
    <column>UTENSIL_ID</column>
  </table>
  <table name="display">
    <column>ID</column>
    <column>HEIGHT</column>
    <column>WIDTH</column>
  </table>
  <table name="dog">
    <column>ID</column>
    <column>BREED</column>
    <column>GENDER</column>
  </table>
  <table name="double_key">
    <column>ID</column>
    <column>NAME</column>
  </table>
  <table name="double_primitive_key">
    <column>ID</column>
    <column>NAME</column>
  </table>
  <table name="element">
    <column>ID</column>
    <column>NAME</column>
    <column>PARENT_ELEMENT_ID</column>
  </table>
  <table name="employee">
    <column>ID</column>
    <column>NAME</column>
  </table>
  <table name="employee_project">
    <column>EMPLOYEE_ID</column>
    <column>PROJECT_ID</column>
  </table>
  <table name="fish">
    <column>ID</column>
    <column>DISCRIMINATOR</column>
    <column>GENERA</column>
    <column>TANK_DISCRIMINATOR</column>
    <column>TANK_ID</column>
    <column>PRIMARY_COLOR</column>
    <column>FIN_SIZE</column>
  </table>
  <table name="flight">
    <column>ID</column>
    <column>DESTINATION</column>
  </table>
  <table name="flight_passanger">
    <column>PASSANGER_ID</column>
    <column>FLIGHT_ID</column>
  </table>
  <table name="float_key">
    <column>ID</column>
    <column>NAME</column>
  </table>
  <table name="float_primitive_key">
    <column>ID</column>
    <column>NAME</column>
  </table>
  <table name="freshwater_fish_tank">
    <column>ID</column>
    <column>FILTER_MODEL</column>
    <column>NUM_GALLONS</column>
    <column>SHAPE</column>
  </table>
  <table name="goverment">
    <column>ID</column>
    <column>DISCRIMINATOR</column>
    <column>COUNTRY</column>
    <column>PRIME_MINISTER</column>
    <column>PRESIDENT</column>
  </table>
  <table name="graduate_student">
    <column>STUDENT_ID</column>
    <column>PROJECT_NAME</column>
  </table>
  <table name="graphic_calculator">
    <column>CALCULATOR_ID</column>
  </table>
  <table name="hand">
    <column>ID</column>
  </table>
  <table name="hand_card">
    <column>HAND_ID</column>
    <column>CARD_ID</column>
  </table>
  <table name="handle">
    <column>ID</column>
    <column>COLOR</column>
  </table>
  <table name="hard_drive">
    <column>ID</column>
    <column>DRIVE_SIZE</column>
    <column>COMPUTER_ID</column>
  </table>
  <table name="hi_value">
    <column>hi_value2</column>
  </table>
  <table name="human">
    <column>MAMMAL_ID</column>
    <column>DIET</column>
  </table>
  <table name="in_law">
    <column>ID</column>
    <column>NAME</column>
  </table>
  <table name="integer_key">
    <column>ID</column>
    <column>NAME</column>
  </table>
  <table name="integer_primitive_key">
    <column>ID</column>
    <column>NAME</column>
  </table>
  <table name="keychain">
    <column>ID</column>
    <column>NAME</column>
  </table>
  <table name="latch_key">
    <column>ID</column>
    <column>TYPE</column>
    <column>KEYCHAIN_ID</column>
  </table>
  <table name="lcd_monitor">
    <column>MONITOR_ID</column>
    <column>DPI_SUPPORTED</column>
  </table>
  <table name="long_key">
    <column>ID</column>
    <column>NAME</column>
  </table>
  <table name="long_primitive_key">
    <column>ID</column>
    <column>NAME</column>
  </table>
  <table name="luggage">
    <column>ID</column>
    <column>DISCRIMINATOR</column>
    <column>CAPACITY</column>
    <column>WHEEL_ID</column>
    <column>KEY_CODE</column>
    <column>EXPANDABLE</column>
  </table>
  <table name="mammal">
    <column>ID</column>
    <column>HAIR_COLOR</column>
  </table>
  <table name="monitor">
    <column>DISPLAY_ID</column>
    <column>BRAND</column>
  </table>
  <table name="no_id_key">
    <column>MY_KEY</column>
    <column>NAME</column>
  </table>
  <table name="orderline">
    <column>ID</column>
    <column>NAME</column>
  </table>
  <table name="organization">
    <column>ID</column>
    <column>DISCRIMINATOR</column>
    <column>NAME</column>
    <column>CEO</column>
    <column>AGENCY_BUDGET</column>
  </table>
  <table name="parent">
    <column>ID</column>
    <column>NAME</column>
  </table>
  <table name="passanger">
    <column>ID</column>
    <column>NAME</column>
  </table>
  <table name="payment">
    <column>ID</column>
    <column>AMOUNT</column>
  </table>
  <table name="pendant">
    <column>ID</column>
    <column>SHAPE</column>
  </table>
  <table name="person">
    <column>ID</column>
    <column>NAME</column>
    <column>ADDRESS_ID</column>
  </table>
  <table name="private_teacher">
    <column>TEACHER_ID</column>
    <column>YEARS_EXPERIENCE</column>
  </table>
  <table name="product">
    <column>ID</column>
    <column>NAME</column>
    <column>ORDERLINE_ID</column>
  </table>
  <table name="professor">
    <column>ID</column>
    <column>NAME</column>
  </table>
  <table name="project">
    <column>ID</column>
    <column>NAME</column>
  </table>
  <table name="pupil">
    <column>ID</column>
    <column>NAME</column>
    <column>TEACHER_ID</column>
  </table>
  <table name="restaurant">
    <column>ID</column>
    <column>NAME</column>
  </table>
  <table name="saltwater_fish_tank">
    <column>ID</column>
    <column>PROTEIN_SKIMMER_MODEL</column>
    <column>NUM_GALLONS</column>
    <column>SHAPE</column>
  </table>
  <table name="saltwater_fish_tank_substrate">
    <column>SALTWATER_FISH_TANK_ID</column>
    <column>SUBSTRATE_ID</column>
  </table>
  <table name="shirt">
    <column>ID</column>
    <column>STYLE</column>
  </table>
  <table name="shirt_button">
    <column>SHIRT_ID</column>
    <column>BUTTON_ID</column>
  </table>
  <table name="shoes">
    <column>ID</column>
    <column>DISCRIMINATOR</column>
    <column>COLOR</column>
    <column>SPORTS_TYPE</column>
    <column>DESIGNER_ID</column>
  </table>
  <table name="song">
    <column>ID</column>
    <column>TITLE</column>
  </table>
  <table name="string_key">
    <column>ID</column>
    <column>NAME</column>
  </table>
  <table name="string_primitive_key">
    <column>ID</column>
    <column>NAME</column>
  </table>
  <table name="student">
    <column>ID</column>
    <column>NAME</column>
  </table>
  <table name="substrate">
    <column>ID</column>
    <column>NAME</column>
  </table>
  <table name="suit">
    <column>ID</column>
    <column>NAME</column>
    <column>DECK_ID</column>
  </table>
  <table name="tank_accessory">
    <column>ID</column>
    <column>NAME</column>
  </table>
  <table name="tank_tank_accessory">
    <column>TANK_ID</column>
    <column>TANK_ACCESSORY_ID</column>
    <column>TANK_DISCRIMINATOR</column>
  </table>
  <table name="teacher">
    <column>ID</column>
    <column>NAME</column>
  </table>
  <table name="tenured_professor">
    <column>PROFESSOR_ID</column>
    <column>TENURED_YEAR</column>
  </table>
  <table name="undergraduate_student">
    <column>STUDENT_ID</column>
  </table>
  <table name="utensil">
    <column>ID</column>
    <column>NAME</column>
  </table>
  <table name="wheel">
    <column>ID</column>
    <column>RADIUS</column>
  </table>
</dataset>
