<!--
    $Id: IzPack-install.xml 2740 2009-04-20 08:57:15Z jponge $

    IzPack installer XML file

    By Julien PONGE

    In order to build an installer for IzPack, let's create a directory
    named '_dist' in the IzPack root directory. Then copy the files from
    'src/dist-files' into '_dist'. Copy your IzPack image, that is all
    the files present at the IzPack root directory. To make it clear,
    you'll get bin/, lib/, ... and text files like Versions.txt and so
    on. Now you can invoke the IzPack compiler and it will generate the
    installer.

    Alternatively, you can use the IzPack Ant makefile and run 'ant dist'. It's
    much simpler :-)
-->

<!-- The installation -->
<installation version="1.0">

    <!-- The info section -->
    <info>
        <appname>IzPack</appname>
        <appversion>4.3.0</appversion>
        <authors>
            <author email="" name="Julien Ponge (project founder)"/>
            <author email="" name="The fantastic IzPack developers and contributors"/>
        </authors>
        <url>http://izpack.org/</url>
        <javaversion>1.5</javaversion>
        <requiresjdk>no</requiresjdk>
        <!--><pack200/>-->
        <run-privileged condition="izpack.windowsinstall.vista|izpack.windowsinstall.7"/>
        <summarylogfilepath>$INSTALL_PATH/installinfo/Summary.htm</summarylogfilepath>
    </info>

    <!-- Flexible and in the screen proportions -->
    <guiprefs height="700" resizable="yes" width="870">
        <!-- GUI addaption for more informations see "Modifying the GUI" in the documentation -->
        <modifier key="layoutAnchor" value="CENTER"/>
        <modifier key="headingPanelCounter" value="progressbar"/>
        <modifier key="headingPanelCounterPos" value="inNavigationPanel"/>
        <modifier key="allYGap" value="4"/>
        <modifier key="paragraphYGap" value="10"/>
        <modifier key="filler1YGap" value="5"/>
        <modifier key="filler3XGap" value="10"/>
    </guiprefs>

    <variables>
        <variable name="DesktopShortcutCheckboxEnabled" value="true"/>
        <variable name="ApplicationShortcutPath" value="ApplicationShortcuts"/>
    </variables>

    <!-- We include every langpack -->
    <locale>
        <langpack iso3="eng"/>
        <langpack iso3="fra"/>
        <langpack iso3="deu"/>
        <langpack iso3="ita"/>
        <langpack iso3="jpn"/>
        <langpack iso3="spa"/>
        <langpack iso3="dan"/>
        <langpack iso3="ell"/>
        <langpack iso3="cat"/>
        <langpack iso3="ned"/>
        <langpack iso3="fin"/>
        <langpack iso3="swe"/>
        <langpack iso3="por"/>
        <langpack iso3="pol"/>
        <langpack iso3="rus"/>
        <langpack iso3="ukr"/>
        <langpack iso3="hun"/>
        <langpack iso3="svk"/>
        <langpack iso3="rom"/>
        <langpack iso3="mys"/>
        <langpack iso3="nor"/>
        <langpack iso3="chn"/>
        <langpack iso3="scg"/>
        <langpack iso3="cze"/>
        <langpack iso3="kor"/>
        <langpack iso3="glg"/>
    </locale>

    <!-- The resources needed by the various panels -->
    <resources>
        <res src="install-readme.html" id="HTMLInfoPanel.info"/>
        <res src="license.html" id="HTMLLicencePanel.licence"/>
        <res src="splash-3.10.png" id="installer.langsel.img"/>
        <res src="shortcutSpec.xml" id="shortcutSpec.xml"/>
        <res src="Unix_shortcutSpec.xml" id="Unix_shortcutSpec.xml"/>
        <res src="info-border.png" id="Installer.image.0"/>
        <res src="info-border.png" id="Installer.image.1"/>
        <res src="info-border.png" id="Installer.image.2"/>
        <res src="pack-border.png" id="Installer.image.3"/>
        <res src="pack-border.png" id="Installer.image.4"/>
        <res src="installing-border.png" id="Installer.image.5"/>
        <res src="installing-border.png" id="Installer.image.6"/>
        <res src="installing-border.png" id="Installer.image.7"/>
        <res src="finished-border.png" id="Installer.image.8"/>
        <res src="RegistrySpec.xml" id="RegistrySpec.xml"/>
    </resources>

    <!-- The panels in a classic order -->
    <panels>
        <panel classname="CheckedHelloPanel" id="hellopanel"/>
        <panel classname="HTMLInfoPanel" id="infopanel" encoding="ISO-8859-1"/>
        <panel classname="HTMLLicencePanel" id="licensepanel"/>
        <panel classname="TargetPanel" id="targetpanel"/>
        <panel classname="PacksPanel" id="packspanel"/>
        <panel classname="SummaryPanel" id="summarypanel"/>
        <panel classname="InstallPanel" id="installpanel"/>
        <panel classname="ShortcutPanel" id="shortcutpanel"/>
        <panel classname="FinishPanel" id="finishpanel"/>
    </panels>

    <!-- The listeners section for CustomActions -->
    <listeners>
        <listener installer="SummaryLoggerInstallerListener"/>
        <listener installer="RegistryInstallerListener"
                  uninstaller="RegistryUninstallerListener">
            <os family="windows"/>
        </listener>
    </listeners>

    <!-- The packs section -->
    <packs>

        <!-- The core files -->
        <pack name="Core" required="yes">
            <description>The IzPack core files.</description>
            <fileset dir="" targetdir="$INSTALL_PATH">
                <include name="*.txt"/>
                <include name="bin/**/*"/>
                <include name="lib/**/*"/>
                <include name="legal/**/*"/>
            </fileset>
            <executable targetfile="$INSTALL_PATH/bin/compile" stage="never"/>
            <executable targetfile="$INSTALL_PATH/bin/start.sh" stage="never"/>
        </pack>

        <!-- The documentation -->
        <pack name="HTML Documentation" required="no">
            <description>The IzPack documentation (HTML version).</description>
            <fileset dir="" targetdir="$INSTALL_PATH">
                <include name="doc/izpack/html/**/*"/>
            </fileset>
        </pack>
        <pack name="PDF Documentation" required="no">
            <description>The IzPack documentation (PDF version).</description>
            <fileset dir="" targetdir="$INSTALL_PATH">
                <include name="doc/izpack/pdf/**/*"/>
            </fileset>
        </pack>
        <pack name="Javadocs Documentation" required="no">
            <description>The IzPack Java documentation (Javadocs for IzPack developers).</description>
            <fileset dir="" targetdir="$INSTALL_PATH">
                <include name="doc/izpack/javadoc/**/*"/>
            </fileset>
        </pack>

        <!-- Utilities pack -->
        <pack name="Utilities" required="no">
            <description>IzPack utilities (izpack2exe, izpack2app, izpack2jnlp)</description>
            <fileset dir="" targetdir="$INSTALL_PATH">
                <include name="utils/**/*"/>
            </fileset>
            <executable 
                targetfile="$INSTALL_PATH/utils/wrappers/izpack2app/Mac-App-Template/Contents/MacOS/JavaApplicationStub"
                stage="never"/>
        </pack>

        <!-- A trivial sample to get started -->
        <pack name="Sample" required="no">
            <description>A sample installation.</description>
            <fileset dir="" targetdir="$INSTALL_PATH">
                <include name="sample/**/*"/>
            </fileset>
        </pack>

        <!-- The source code of this version -->
        <pack name="Sources" required="no">
            <description>The full IzPack source code.</description>
            <fileset dir="" targetdir="$INSTALL_PATH">
                <include name="src/**/*"/>
                <exclude name="src/*.manifest"/>
            </fileset>
        </pack>

    </packs>

    <!-- The native libraries to add -->
    <native type="izpack" name="ShellLink.dll"/>
    <native type="izpack" name="ShellLink_x64.dll"/>
    <native type="3rdparty" name="COIOSHelper.dll" stage="both">
        <os family="windows"/>
    </native>


</installation>
