<?xml version="1.0" encoding="UTF-8" ?>
<!DOCTYPE log4j:configuration SYSTEM ".\log4j.dtd">

<log4j:configuration xmlns:log4j='http://jakarta.apache.org/log4j/'>

	<appender name="CONSOLE" class="org.apache.log4j.ConsoleAppender">
		<param name="Target" value="System.out" />
		<param name="Threshold" value="ERROR" />
		<layout class="org.apache.log4j.PatternLayout">
			<!-- The default pattern: Date Priority [Category] Message\n -->
			<param name="ConversionPattern"
				value="%d{ABSOLUTE} %-5p [%c{1}] %m%n" />
		</layout>
	</appender>

   <category name="COM.claymoresystems.ptls.SSLDebug">
     <priority value="OFF" />
   </category>

	<root>
		<priority value="error" />
		<appender-ref ref="CONSOLE" />
	</root>
</log4j:configuration>