<?xml version="1.0" encoding="UTF-8"?>
<!DOCTYPE beans PUBLIC "-//SPRING//DTD BEAN//EN" "http://www.springframework.org/dtd/spring-beans.dtd">

<beans>
	<!--@SECURITY_START@-->

	<bean id="filterChainProxy" class="org.acegisecurity.util.FilterChainProxy">
		<property name="filterInvocationDefinitionSource">
			<value>
				CONVERT_URL_TO_LOWERCASE_BEFORE_COMPARISON
				PATTERN_TYPE_APACHE_ANT
				/http/remoteauthenticationmanager/**=sessionContextIntegrationFilter
				/services/**=sessionContextIntegrationFilter
				/home.action/**=sessionContextIntegrationFilter,logoutFilter,securityContextHolderAwareRequestFilter,anonymousProcessingFilter
				/http/applicationservice/**=sessionContextIntegrationFilter,x509InitializingFilter,x509ProcessingFilter,basicProcessingFilter,basicExceptionTranslationFilter,filterInvocationInterceptor
				/gethtml/**=sessionContextIntegrationFilter,logoutFilter,basicProcessingFilter,basicExceptionTranslationFilter,filterInvocationInterceptor
				/getxml/**=sessionContextIntegrationFilter,logoutFilter,basicProcessingFilter,basicExceptionTranslationFilter,filterInvocationInterceptor
				/**/*.action/**=sessionContextIntegrationFilter,logoutFilter,authenticationProcessingFilter,exceptionTranslationFilter,filterInvocationInterceptor
				/j_acegi_security_check/**=sessionContextIntegrationFilter,authenticationProcessingFilter
				/**=sessionContextIntegrationFilter,logoutFilter
			</value>
		</property>
	</bean>

	<bean id="x509InitializingFilter" class="gov.nih.nci.system.security.acegi.ui.globus.X509InitializationFilter"/>

	<bean id="x509ProcessingFilter" class="org.acegisecurity.ui.x509.X509ProcessingFilter">
		<property name="authenticationManager" ref="authenticationManager"/>
	</bean>

	<bean id="anonymousProcessingFilter" class="org.acegisecurity.providers.anonymous.AnonymousProcessingFilter">
		<property name="key" value="changeThis"/>
		<property name="userAttribute" value="anonymousUser,ROLE_ANONYMOUS"/>
	</bean>

 	<bean id="securityContextHolderAwareRequestFilter" class="org.acegisecurity.wrapper.SecurityContextHolderAwareRequestFilter" lazy-init="default" autowire="default" dependency-check="default" /> 

	<bean id="authenticationProcessingFilter" class="org.acegisecurity.ui.webapp.AuthenticationProcessingFilter">
		<property name="authenticationManager" ref="authenticationManager"/>
		<property name="authenticationFailureUrl" value="/Home.action?login_error=1"/>
		<property name="defaultTargetUrl" value="/ShowDynamicTree.action"/>
		<property name="filterProcessesUrl" value="/j_acegi_security_check"/>
	</bean>

	<bean id="basicProcessingFilter" class="org.acegisecurity.ui.basicauth.BasicProcessingFilter">
		<property name="authenticationManager"><ref bean="authenticationManager"/></property>
		<property name="authenticationEntryPoint"><ref local="basicProcessingFilterEntryPoint"/></property>
	</bean>

	<bean id="basicProcessingFilterEntryPoint" class="org.acegisecurity.ui.basicauth.BasicProcessingFilterEntryPoint">
		<property name="realmName"><value>SDK Realm</value></property>
	</bean>
   
	<bean id="basicExceptionTranslationFilter" class="org.acegisecurity.ui.ExceptionTranslationFilter">
		<property name="authenticationEntryPoint"><ref local="basicProcessingFilterEntryPoint"/></property>
	</bean>

	<bean id="exceptionTranslationFilter" class="org.acegisecurity.ui.ExceptionTranslationFilter">
		<property name="authenticationEntryPoint">
			<bean class="org.acegisecurity.ui.webapp.AuthenticationProcessingFilterEntryPoint">
				<property name="loginFormUrl" value="/Home.action"/>
				<property name="forceHttps" value="false"/>
			</bean>
		</property>
		<property name="accessDeniedHandler">
			<bean class="org.acegisecurity.ui.AccessDeniedHandlerImpl">
				<property name="errorPage" value="/accessDenied.jsp"/>
			</bean>
		</property>
	</bean>

	<bean id="filterInvocationInterceptor" class="org.acegisecurity.intercept.web.FilterSecurityInterceptor">
		<property name="authenticationManager" ref="authenticationManager"/>
		<property name="accessDecisionManager">
			<bean class="org.acegisecurity.vote.AffirmativeBased">
				<property name="allowIfAllAbstainDecisions" value="false"/>
				<property name="decisionVoters">
					<list>
						<bean class="org.acegisecurity.vote.AuthenticatedVoter"/>
					</list>
				</property>
			</bean>
		</property>
		<property name="objectDefinitionSource">
			<value>
				CONVERT_URL_TO_LOWERCASE_BEFORE_COMPARISON
				PATTERN_TYPE_APACHE_ANT
				/**=IS_AUTHENTICATED_FULLY
			</value>
		</property>
	</bean>

	<bean id="sessionContextIntegrationFilter" class="org.acegisecurity.context.HttpSessionContextIntegrationFilter"/>

	<bean id="logoutFilter" class="org.acegisecurity.ui.logout.LogoutFilter">
		<constructor-arg value="/Home.action"/> 
		<constructor-arg>
			<list>
				<bean class="org.acegisecurity.ui.logout.SecurityContextLogoutHandler"/>
			</list>
		</constructor-arg>
	</bean>

	<!--@SECURITY_END@-->	
	
</beans>