<?xml version="1.0" encoding="UTF-8"?>
<!DOCTYPE beans PUBLIC "-//SPRING//DTD BEAN//EN" "http://www.springframework.org/dtd/spring-beans.dtd">
<beans default-lazy-init="false" default-dependency-check="none" default-autowire="no">
	
	<import resource="validator-Config.xml"/>
	<import resource="validator-extension-Config.xml"/>
	<import resource="PkGenerator-Metadata-Config.xml"/>
	<!-- 									 -->
	<!--  Entry point for the Code Generator -->
	<!-- 									 -->	
	<bean name="Generator" class="gov.nih.nci.codegen.Generator" singleton="false">
		<constructor-arg ref="UMLModel"></constructor-arg>
		<constructor-arg index="1">
			<list>
				<ref bean="LogicalModelValidator" />
				<ref bean="ModelMappingValidator" />
				<ref bean="PKGeneratorValidator" />
				<ref bean="WritableApiValidator" />
				<ref bean="GMETagValidator" />			
			</list>
		</constructor-arg>
		<constructor-arg index="2">
			<list>
				<ref bean="HibernateMappingTransformer"/>
				<ref bean="BeanTransformer"/>
				<ref bean="InterfaceTransformer"/>
				<ref bean="EHCacheTransformer"/>
				<ref bean="HibernateCfgTransformer"/>
				<ref bean="XmlMappingMarshallerTransformer"/>
				<ref bean="XmlMappingUnmarshallerTransformer"/>
				<ref bean="SchemaTransformer"/>	
				<ref bean="WSDDTransformer"/>
				<ref bean="CLMLoggerCfgTransformer"/>							
			</list>
		</constructor-arg>
	</bean>

	<!-- 									 -->
	<!--  XMI File Reader/UML Model Loader	 -->
	<!-- 									 -->
	<bean name="UMLModel" factory-bean="UMLModelLoader" factory-method="getUMLModel" singleton="true"/>
	<bean name="UMLModelLoader" class="gov.nih.nci.codegen.UMLModelLoader" singleton="true">
		<constructor-arg value="@MODEL_FILE_IN_DIRECTORY@"></constructor-arg>
		<constructor-arg value="@MODEL_FILE_TYPE@"></constructor-arg>
	</bean>

	<bean name="UMLModelFileProperties" class="java.util.Properties">
		<constructor-arg>
			<props>
				<prop key="Logical Model">@LOGICAL_MODEL@</prop>
				<prop key="Data Model">@DATA_MODEL@</prop>
				<prop key="Include Package">@INCLUDE_PACKAGE@</prop>
				<prop key="Exclude Package">@EXCLUDE_PACKAGE@</prop>
				<prop key="Exclude Name">@EXCLUDE_NAME@</prop>
				<prop key="Exclude Namespace">@EXCLUDE_NAMESPACE@</prop>
				<prop key="Identity Generator Tag"><![CDATA[@IDENTITY_GENERATOR_TAG@]]></prop>
				<prop key="Database Type">@DATABASE_TYPE@</prop>
			</props>
		</constructor-arg>
	</bean>
	
	
	<bean name="TransformerUtils" class="gov.nih.nci.codegen.util.TransformerUtils">
		<constructor-arg ref="UMLModelFileProperties"></constructor-arg>
		<constructor-arg ref="CascadeStyles" index="1"></constructor-arg>
		<constructor-arg ref="ValidatorModel" index="2"></constructor-arg>
		<constructor-arg ref="ValidatorModelExtension" index="3"></constructor-arg>
	</bean>

	<bean name="CascadeStyles" class="java.util.ArrayList">
		<constructor-arg>
			<list>
				<value>all</value>
				<value>delete</value>
				<value>delete-orphan</value>
				<value>evict</value>
				<value>lock</value>
				<value>merge</value>
				<value>none</value>
				<value>persist</value>
				<value>refresh</value>
				<value>replicate</value>
				<value>save-update</value>
			</list>
		</constructor-arg>
	</bean>

	<!-- 									 -->
	<!--  Code Generation Validator			 -->
	<!-- 									 -->
	<bean name="LogicalModelValidator" class="gov.nih.nci.codegen.validator.UMLLogicalModelValidator">
		<property name="enabled" value="@VALIDATE_LOGICAL_MODEL@"/>
		<property name="name" value="Logical Model Validator"/>
		<property name="transformerUtils" ref="TransformerUtils"></property>
	</bean>
	<bean name="ModelMappingValidator" class="gov.nih.nci.codegen.validator.UMLModelMappingValidator">
		<property name="enabled" value="@VALIDATE_MODEL_MAPPING@"/>
		<property name="name" value="Model Mapping Validator"/>		
		<property name="transformerUtils" ref="TransformerUtils"></property>
	</bean>
	<bean name="WritableApiValidator" class="gov.nih.nci.codegen.validator.WritableApiValidator">
		<property name="enabled" value="@VALIDATE_WRITABLE_API_EXTENSION@" />
		<property name="name" value="Writable Api Validator" />
		<property name="transformerUtils" ref="TransformerUtils"></property>
	</bean>
	<bean name="GMETagValidator" class="gov.nih.nci.codegen.validator.UMLGMETagValidator">
		<property name="namespaceUriPrefix" value="@NAMESPACE_PREFIX@" />
		<property name="enabled" value="@VALIDATE_GME_TAGS@" />
		<property name="name" value="Global Model Exchange (GME) Tag Validator" />
		<property name="transformerUtils" ref="TransformerUtils"></property>
	</bean>

	<!-- 									 -->
	<!--  Transformers						 -->
	<!-- 									 -->
	<bean name="HibernateMappingTransformer" class="gov.nih.nci.codegen.transformer.jet.HibernateMappingTransformer">
		<property name="artifactHandler">
			<bean class="gov.nih.nci.codegen.handler.FileHandler">
				<property name="useArtifactSource" value="true"/>
				<property name="outputDir" value="@OUTPUTDIR@"/>				
				<property name="suffix" value=".hbm.xml"/>						
			</bean>
		</property>
		<property name="enabled" value="@GENERATE_HIBERNATE_MAPPING@"/>
		<property name="name" value="Hibernate Mapping Transformer"/>
		<property name="transformerUtils" ref="TransformerUtils"></property>			
	</bean>

	<bean name="BeanTransformer" class="gov.nih.nci.codegen.transformer.jet.POJOTransformer">
		<property name="artifactHandler">
			<bean class="gov.nih.nci.codegen.handler.FileHandler">
				<property name="useArtifactSource" value="true"/>
				<property name="outputDir" value="@OUTPUTDIR@"/>				
				<property name="suffix" value=".java"/>									
			</bean>
		</property>
		<property name="enabled" value="@GENERATE_BEANS@"/>
		<property name="name" value="Bean Transformer"/>
		<property name="transformerUtils" ref="TransformerUtils"></property>
	</bean>
	
	<bean name="InterfaceTransformer" class="gov.nih.nci.codegen.transformer.jet.InterfaceTransformer">
		<property name="artifactHandler">
			<bean class="gov.nih.nci.codegen.handler.FileHandler">
				<property name="useArtifactSource" value="true"/>
				<property name="outputDir" value="@OUTPUTDIR@"/>				
				<property name="suffix" value=".java"/>									
			</bean>
		</property>
		<property name="enabled" value="@GENERATE_BEANS@"/>
		<property name="name" value="Interface Transformer"/>
		<property name="transformerUtils" ref="TransformerUtils"></property>
	</bean>
	
	<bean name="EHCacheTransformer" class="gov.nih.nci.codegen.transformer.jet.EHCacheTransformer">
		<property name="artifactHandler">
			<bean class="gov.nih.nci.codegen.handler.FileHandler">
				<property name="useArtifactSource" value="false"/>
				<property name="outputDir" value="@OUTPUTDIR@"/>
				<property name="fileName" value="ehcache.xml"/>				
			</bean>
		</property>
		<property name="configurationParams">
			<map>
				<entry key="CACHE_PATH" value="@CACHE_PATH@"/>
			</map>
		</property>
		<property name="enabled" value="@GENERATE_HIBERNATE_MAPPING@"/>
		<property name="name" value="EHCache Transformer"/>	
		<property name="transformerUtils" ref="TransformerUtils"></property>
	</bean>

	<bean name="HibernateCfgTransformer" class="gov.nih.nci.codegen.transformer.jet.HibernateCfgTransformer">
		<property name="artifactHandler">
			<bean class="gov.nih.nci.codegen.handler.FileHandler">
				<property name="useArtifactSource" value="false"/>
				<property name="outputDir" value="@OUTPUTDIR@"/>
				<property name="fileName" value="hibernate.cfg.xml"/>				
			</bean>
		</property>
		<property name="configurationParams">
			<map>
				<entry key="HIBERNATE_PROPERTIES">
					<map>
						<!--@DB_JNDI_URL_START@-->
						<entry key="connection.datasource" value="@DB_JNDI_URL@"/>
						<!--@DB_JNDI_URL_END@-->
						
						<!--@DB_CONNECTION_POOL_START@-->
						<entry key="connection.driver_class" value="@DB_DRIVER@"/>
						<entry key="connection.url" value="@DB_CONNECTION_URL@"/>
						<entry key="connection.username" value="@DB_USERNAME@"/>
						<entry key="connection.password" value="@DB_PASSWORD@"/>

						<entry key="connection.provider_class" value="org.hibernate.connection.C3P0ConnectionProvider"/>
						<entry key="c3p0.max_size" value="10"/>
						<entry key="c3p0.min_size" value="2"/>
						<entry key="c3p0.timeout" value="5000"/>
						<entry key="c3p0.max_statements" value="100"/>
						<entry key="c3p0.idle_test_period" value="3000"/>
						<entry key="c3p0.acquire_increment" value="2"/>
						<entry key="c3p0.validate" value="false"/>
						<!--@DB_CONNECTION_POOL_END@-->

						<!--@HBM2DDL_START@-->
						<entry key="hbm2ddl.auto" value="@HBM2DDL_TYPE@"/>
						<!--@HBM2DDL_END@-->
						
						<entry key="show_sql" value="@HIBERNATE_SHOW_SQL@"/>
						<entry key="dialect" value="@DB_DIALECT@"/>
						<entry key="max_fetch_depth" value="1"/>
						<entry key="bytecode.use_reflection_optimizer" value="false"/>
						<entry key="jdbc.batch_versioned_data" value="true"/>
						<entry key="jdbc.use_streams_for_binary" value="true"/>
						<entry key="cache.use_query_cache" value="false"/>
						<entry key="cache.provider_class" value="org.hibernate.cache.EhCacheProvider"/>

					</map>
				</entry>
				<entry key="includeHibernateValidatorSettings" value="@ENABLE_HIBERNATE_VALIDATOR@"/>
			</map>
		</property>		
		<property name="enabled" value="@GENERATE_HIBERNATE_MAPPING@"/>
		<property name="name" value="Hibernate Config Transformer"/>		
		<property name="transformerUtils" ref="TransformerUtils"></property>
	</bean>

	<bean name="XmlMappingMarshallerTransformer" class="gov.nih.nci.codegen.transformer.XmlMappingTransformer" singleton="false">
		<property name="useGMETags" value="@GENERATE_XSD_WITH_GME_TAGS@" />
		<property name="includeAssociations" value="true"/>
		<property name="includeFieldHandler" value="true"/>
		<property name="namespaceUriPrefix" value="@NAMESPACE_PREFIX@" />		
		<property name="artifactHandler">
			<bean class="gov.nih.nci.codegen.handler.FileHandler">
				<property name="useArtifactSource" value="false"/>
				<property name="outputDir" value="@OUTPUTDIR@"/>
				<property name="fileName" value="xml-mapping.xml"/>					
			</bean>
		</property>
		<property name="enabled" value="@GENERATE_CASTOR_MAPPING@"/>
		<property name="name" value="XML Mapping (Marshaller) Transformer"/>
		<property name="transformerUtils" ref="TransformerUtils"></property>
	</bean>

	<bean name="XmlMappingUnmarshallerTransformer" class="gov.nih.nci.codegen.transformer.XmlMappingTransformer" singleton="false">
		<property name="useGMETags" value="@GENERATE_XSD_WITH_GME_TAGS@" />
		<property name="includeAssociations" value="true"/>
		<property name="includeFieldHandler" value="false"/>
		<property name="namespaceUriPrefix" value="@NAMESPACE_PREFIX@" />
		<property name="artifactHandler">
			<bean class="gov.nih.nci.codegen.handler.FileHandler">
				<property name="useArtifactSource" value="false"/>
				<property name="outputDir" value="@OUTPUTDIR@"/>
				<property name="fileName" value="unmarshaller-xml-mapping.xml"/>						
			</bean>
		</property>
		<property name="enabled" value="@GENERATE_CASTOR_MAPPING@"/>
		<property name="name" value="XML Mapping (Unmarshaller) Transformer"/>
		<property name="transformerUtils" ref="TransformerUtils"></property>		
	</bean>
	
	<bean name="SchemaTransformer" class="gov.nih.nci.codegen.transformer.SchemaTransformer">
		<property name="usePermissibleValues" value="@GENERATE_XSD_WITH_PERMISSIBLE_VALUES@" />	
		<property name="useGMETags" value="@GENERATE_XSD_WITH_GME_TAGS@" />
		<property name="namespaceUriPrefix" value="@NAMESPACE_PREFIX@" />
		<property name="artifactHandler">
			<bean class="gov.nih.nci.codegen.handler.FileHandler">
				<property name="useArtifactSource" value="true"/>
				<property name="outputDir" value="@OUTPUTDIR@"/>
				<property name="suffix" value=".xsd"/>					
			</bean>
		</property>
		<property name="enabled" value="@GENERATE_XSD@"/>
		<property name="name" value="Schema (XSD) Transformer"/>
		<property name="transformerUtils" ref="TransformerUtils"></property>	
	</bean>

	<bean name="WSDDTransformer" class="gov.nih.nci.codegen.transformer.jet.WSDDTransformer">
		<property name="artifactHandler">
			<bean class="gov.nih.nci.codegen.handler.FileHandler">
				<property name="useArtifactSource" value="false"/>
  				<property name="outputDir" value="@OUTPUTDIR@"/>	
				<property name="fileName" value="server-config.wsdd"/>	
			</bean>
		</property>
		<property name="configurationParams">
			<map>
				<entry key="WEBSERVICE_NAME" value="@WEBSERVICE_NAME@"/>
			</map>
		</property>
		<property name="enabled" value="@GENERATE_WSDD@"/>
		<property name="name" value="Web Services Deployment Descriptor (WSDD) Transformer"/>
		<property name="transformerUtils" ref="TransformerUtils"></property>		
	</bean>	
	
	<bean name="CLMLoggerCfgTransformer" class="gov.nih.nci.codegen.transformer.jet.CLMLoggerCfgTransformer">
		<property name="artifactHandler">
			<bean class="gov.nih.nci.codegen.handler.FileHandler">
				<property name="useArtifactSource" value="false"/>
				<property name="outputDir" value="@OUTPUTDIR@"/>
				<property name="fileName" value="ObjectStateLoggerConfig.xml"/>				
			</bean>
		</property>
		<property name="configurationParams">
			<map>
			</map>
		</property>
		<property name="enabled" value="@GENERATE_CLM_LOGGER_CFG@"/>
		<property name="name" value="CLM Logger Config Transformer"/>
		<property name="transformerUtils" ref="TransformerUtils"></property>
	</bean>
	
</beans>