<?xml version="1.0" encoding="UTF-8" ?>
<!DOCTYPE log4j:configuration SYSTEM ".\log4j.dtd">

<log4j:configuration xmlns:log4j='http://jakarta.apache.org/log4j/'>

	<appender name="CONSOLE" class="org.apache.log4j.ConsoleAppender">
		<!--      <errorHandler class="org.jboss.logging.util.OnlyOnceErrorHandler"/>-->
		<param name="Target" value="System.out" />
		<param name="Threshold" value="INFO" />
		<layout class="org.apache.log4j.PatternLayout">
			<!-- The default pattern: Date Priority [Category] Message\n -->
			<param name="ConversionPattern"
				value="%d{ABSOLUTE} %-5p [%c{1}] %m%n" />
		</layout>
	</appender>

	<appender name="clientLog"
		class="org.apache.log4j.FileAppender">
		<param name="Append" value="false" />
		<param name="File"
			value="./log/client.log" />
		<layout class="org.apache.log4j.PatternLayout">
			<param name="ConversionPattern"
				value="%d{ABSOLUTE} %5p %c{1}:%L - %m%n" />
		</layout>
	</appender>

	<category name="org.apache.dbcp">
		<level value="INFO" />
		<appender-ref ref="CONSOLE" />
	</category>

	<category name="com.mchange.v2.c3p0">
		<level value="INFO" />
		<appender-ref ref="CONSOLE" />
	</category>


	<logger name="org.hibernate">
		<level value="info" />
	</logger>

	<logger name="org.apache">
		<level value="warn" />
	</logger>

<!-- 
	<logger name="org.hibernate.SQL">
		<level value="debug" />
	</logger>

	<logger name="org.hibernate.type">
		<level value="info" />
	</logger>

	<logger name="org.hibernate.tool.hbm2ddl">
		<level value="info" />
	</logger>

	<logger name="org.hibernate.cache">
		<level value="debug" />
	</logger>

	<logger name="org.hibernate.jdbc">
		<level value="debug" />
	</logger>

	<logger	name="org.hibernate.connection.DriverManagerConnectionProvider">
		<level value="trace" />
	</logger>
-->
	<logger name="gov.nih.nci">
		<level value="error" />
	</logger>
	
	<logger name="org.springframework">
		<level value="error" />
	</logger>

	<root>
		<priority value="error" />
		<appender-ref ref="CONSOLE" />
	</root>
</log4j:configuration>