<ns1:ServiceSecurityMetadata xsi:type="ns1:ServiceSecurityMetadata" xmlns:ns1="gme://caGrid.caBIG/1.0/gov.nih.nci.cagrid.metadata.security" xmlns:xsi="http://www.w3.org/2001/XMLSchema-instance">
 <ns1:defaultCommunicationMechanism anonymousPermitted="true" xsi:type="ns1:CommunicationMechanism">
  <ns1:None xsi:type="ns1:None"/>
 </ns1:defaultCommunicationMechanism>
 <ns1:operations>
  <ns1:Operation name="getServiceSecurityMetadata" xsi:type="ns1:Operation">
   <ns1:CommunicationMechanism anonymousPermitted="true" xsi:type="ns1:CommunicationMechanism">
    <ns1:None xsi:type="ns1:None"/>
   </ns1:CommunicationMechanism>
  </ns1:Operation>
  <ns1:Operation name="GetMultipleResourceProperties" xsi:type="ns1:Operation">
   <ns1:CommunicationMechanism anonymousPermitted="true" xsi:type="ns1:CommunicationMechanism">
    <ns1:None xsi:type="ns1:None"/>
   </ns1:CommunicationMechanism>
  </ns1:Operation>
  <ns1:Operation name="GetResourceProperty" xsi:type="ns1:Operation">
   <ns1:CommunicationMechanism anonymousPermitted="true" xsi:type="ns1:CommunicationMechanism">
    <ns1:None xsi:type="ns1:None"/>
   </ns1:CommunicationMechanism>
  </ns1:Operation>
  <ns1:Operation name="QueryResourceProperties" xsi:type="ns1:Operation">
   <ns1:CommunicationMechanism anonymousPermitted="true" xsi:type="ns1:CommunicationMechanism">
    <ns1:None xsi:type="ns1:None"/>
   </ns1:CommunicationMechanism>
  </ns1:Operation>
 </ns1:operations>
</ns1:ServiceSecurityMetadata>
