<?xml version="1.0" encoding="UTF-8"?>

<jar-versions>
  <jar name="activation.jar" specVersion="1.0" specVendor="Sun Microsystems, Inc." specTitle="JavaBeans(TM) Activation Framework Specification" implVersion="1.0.2" implVendor="Sun Microsystems, Inc." implTitle="JBoss [Zion]" implVendorID="com.sun" implURL="http://www.jboss.org/" sealed="false" md5Digest="8808cd84579094f9834e027b709d030c"/>
  <jar name="antlr-2.7.6.jar" specVersion="4.0.4.GA" specVendor="JBoss (http://www.jboss.org/)" specTitle="JBoss" implVersion="4.0.4.GA (build: CVSTag=JBoss_4_0_4_GA date=200605151000)" implVendor="JBoss Inc." implTitle="JBoss [Zion]" implVendorID="http://www.jboss.org/" implURL="http://www.jboss.org/" sealed="false" md5Digest="cb043e4b01d4c8748e5b7716e8542ee5"/>
  <jar name="applet.jar" specVersion="4.0.4.GA" specVendor="JBoss (http://www.jboss.org/)" specTitle="JBoss" implVersion="4.0.4.GA (build: CVSTag=JBoss_4_0_4_GA date=200605151000)" implVendor="JBoss Inc." implTitle="JBoss [Zion]" implVendorID="http://www.jboss.org/" implURL="http://www.jboss.org/" sealed="false" md5Digest="d0a555852c1cf9e32948f9436579e726"/>
  <jar name="autonumber-plugin.jar" specVersion="4.0.4.GA" specVendor="JBoss (http://www.jboss.org/)" specTitle="JBoss" implVersion="4.0.4.GA (build: CVSTag=JBoss_4_0_4_GA date=200605151000)" implVendor="JBoss Inc." implTitle="JBoss [Zion]" implVendorID="http://www.jboss.org/" implURL="http://www.jboss.org/" sealed="false" md5Digest="bb067645446636a65f0462c25ad5aac2"/>
  <jar name="avalon-framework.jar" specVersion="1.0" specVendor="Apache Software Foundation" specTitle="Avalon Framework API" implVersion="4.1.5" implVendor="Apache Software Foundation" implTitle="JBoss [Zion]" implVendorID="ASF" implURL="http://www.jboss.org/" sealed="false" md5Digest="15ce2af028b6daecdd39a3859d10b7fb"/>
  <jar name="axis-ws4ee.jar" specVersion="4.0.4.GA" specVendor="JBoss (http://www.jboss.org/)" specTitle="JBoss" implVersion="4.0.4.GA (build: CVSTag=JBoss_4_0_4_GA date=200605151000)" implVendor="JBoss Inc." implTitle="JBoss [Zion]" implVendorID="http://www.jboss.org/" implURL="http://www.jboss.org/" sealed="false" md5Digest="512cba7820fea03a0a16040a3713f107"/>
  <jar name="bcel.jar" specVersion="4.0.4.GA" specVendor="JBoss (http://www.jboss.org/)" specTitle="JBoss" implVersion="4.0.4.GA (build: CVSTag=JBoss_4_0_4_GA date=200605151000)" implVendor="JBoss Inc." implTitle="JBoss [Zion]" implVendorID="http://www.jboss.org/" implURL="http://www.jboss.org/" sealed="false" md5Digest="b7f461fbc80119a5a3949cd58557d88f"/>
  <jar name="bindingservice-plugin.jar" specVersion="4.0.4.GA" specVendor="JBoss (http://www.jboss.org/)" specTitle="JBoss" implVersion="4.0.4.GA (build: CVSTag=JBoss_4_0_4_GA date=200605151000)" implVendor="JBoss Inc." implTitle="JBoss [Zion]" implVendorID="http://www.jboss.org/" implURL="http://www.jboss.org/" sealed="false" md5Digest="3d3b99379ebb69457e59ffd88b07c65d"/>
  <jar name="bsf.jar" specVersion="4.0.4.GA" specVendor="JBoss (http://www.jboss.org/)" specTitle="JBoss" implVersion="4.0.4.GA (build: CVSTag=JBoss_4_0_4_GA date=200605151000)" implVendor="JBoss Inc." implTitle="JBoss [Zion]" implVendorID="http://www.jboss.org/" implURL="http://www.jboss.org/" sealed="false" md5Digest="7c7d97b1e2531498afd4892800088876"/>
  <jar name="bsh-1.3.0.jar" specVersion="4.0.4.GA" specVendor="JBoss (http://www.jboss.org/)" specTitle="JBoss" implVersion="4.0.4.GA (build: CVSTag=JBoss_4_0_4_GA date=200605151000)" implVendor="JBoss Inc." implTitle="JBoss [Zion]" implVendorID="http://www.jboss.org/" implURL="http://www.jboss.org/" sealed="false" md5Digest="7325f5f6122aa8469585901e45e35e74"/>
  <jar name="bsh-deployer.jar" specVersion="4.0.4.GA" specVendor="JBoss (http://www.jboss.org/)" specTitle="JBoss" implVersion="4.0.4.GA (build: CVSTag=JBoss_4_0_4_GA date=200605151000)" implVendor="JBoss Inc." implTitle="JBoss [Zion]" implVendorID="http://www.jboss.org/" implURL="http://www.jboss.org/" sealed="false" md5Digest="69022710a0f43b175eb76cfdd65b529e"/>
  <jar name="catalina-manager.jar" specVersion="4.0.4.GA" specVendor="JBoss (http://www.jboss.org/)" specTitle="JBoss" implVersion="4.0.4.GA (build: CVSTag=JBoss_4_0_4_GA date=200605151000)" implVendor="JBoss Inc." implTitle="JBoss [Zion]" implVendorID="http://www.jboss.org/" implURL="http://www.jboss.org/" sealed="false" md5Digest="adffbadc93954b15fb41978d0c34264e"/>
  <jar name="catalina-optional.jar" specVersion="4.0.4.GA" specVendor="JBoss (http://www.jboss.org/)" specTitle="JBoss" implVersion="4.0.4.GA (build: CVSTag=JBoss_4_0_4_GA date=200605151000)" implVendor="JBoss Inc." implTitle="JBoss [Zion]" implVendorID="http://www.jboss.org/" implURL="http://www.jboss.org/" sealed="false" md5Digest="aeb74f7c874de5d714c60d56661b47a5"/>
  <jar name="catalina.jar" specVersion="4.0.4.GA" specVendor="JBoss (http://www.jboss.org/)" specTitle="JBoss" implVersion="4.0.4.GA (build: CVSTag=JBoss_4_0_4_GA date=200605151000)" implVendor="JBoss Inc." implTitle="JBoss [Zion]" implVendorID="http://www.jboss.org/" implURL="http://www.jboss.org/" sealed="false" md5Digest="341d6fb0fb8f95dc9feab1c8868ec2f5"/>
  <jar name="cglib.jar" specVersion="4.0.4.GA" specVendor="JBoss (http://www.jboss.org/)" specTitle="JBoss" implVersion="4.0.4.GA (build: CVSTag=JBoss_4_0_4_GA date=200605151000)" implVendor="JBoss Inc." implTitle="JBoss [Zion]" implVendorID="http://www.jboss.org/" implURL="http://www.jboss.org/" sealed="false" md5Digest="e5a23e80fd941eb6ba9dc1fcae649d03"/>
  <jar name="commons-beanutils.jar" specVersion="1.6" specVendor="Apache Software Foundation" specTitle="Jakarta Commons Beanutils" implVersion="1.6" implVendor="Apache Software Foundation" implTitle="org.apache.commons.beanutils" implVendorID="http://www.jboss.org/" implURL="http://www.jboss.org/" sealed="false" md5Digest="651dbe7eaee5b3544cf7580e29bc1f45"/>
  <jar name="commons-codec-1.2.jar" specVersion="1.2" specVendor="Apache Software Foundation" specTitle="Jakarta Commons Codec" implVersion="1.2" implVendor="Apache Software Foundation" implTitle="org.apache.commons.codec.*" implVendorID="" implURL="http://www.jboss.org/" sealed="false" md5Digest="c63be65714cc392aed28ba189d489f54"/>
  <jar name="commons-collections.jar" specVersion="2.1" specVendor="Apache Software Foundation" specTitle="JBoss" implVersion="2.1" implVendor="Apache Software Foundation" implTitle="JBoss [Zion]" implVendorID="http://www.jboss.org/" implURL="http://www.jboss.org/" sealed="false" md5Digest="6b09bcc800aff973e405e405cb15e309"/>
  <jar name="commons-digester-1.6.jar" specVersion="&quot;1.6&quot;" specVendor="&quot;Apache Software Foundation&quot;" specTitle="&quot;Jakarta Commons Digester&quot;" implVersion="&quot;1.6&quot;" implVendor="&quot;Apache Software Foundation&quot;" implTitle="&quot;org.apache.commons.digester&quot;" implVendorID="http://www.jboss.org/" implURL="http://www.jboss.org/" sealed="false" md5Digest="6fc8889a25d600cb8e27763259dfa0f3"/>
  <jar name="commons-discovery.jar" specVersion="1.0" specVendor="Apache Software Foundation" specTitle="JBoss" implVersion="0.2" implVendor="Apache Software Foundation" implTitle="JBoss [Zion]" implVendorID="http://www.jboss.org/" implURL="http://www.jboss.org/" sealed="false" md5Digest="48e0423e84c9ed767d036329bae86ec8"/>
  <jar name="commons-el.jar" specVersion="2.0" specVendor="Apache Software Foundation" specTitle="Jakarta Commons EL" implVersion="1.0" implVendor="Apache Software Foundation" implTitle="org.apache.commons.el" implVendorID="http://www.jboss.org/" implURL="http://www.jboss.org/" sealed="false" md5Digest="97176d7afcb90a95f782ba0d72566962"/>
  <jar name="commons-httpclient.jar" specVersion="4.0.4.GA" specVendor="Apache Software Foundation" specTitle="Jakarta Commons HttpClient" implVersion="2.0.2" implVendor="Apache Software Foundation" implTitle="org.apache.commons.httpclient" implVendorID="http://www.jboss.org/" implURL="http://www.jboss.org/" sealed="false" md5Digest="7ecb8ed81497849ab5365746197be61d"/>
  <jar name="commons-logging.jar" specVersion="1.0" specVendor="Apache Software Foundation" specTitle="Commons Logging" implVersion="1.0.5.GA-jboss" implVendor="JBoss Inc." implTitle="JBoss commons logging patch" implVendorID="http://www.jboss.org/" implURL="http://www.jboss.org/" sealed="false" md5Digest="5e8b34b906241736e0270e3b2e39da29"/>
  <jar name="commons-modeler.jar" specVersion="1.1" specVendor="Apache Software Foundation" specTitle="JBoss" implVersion="1.1.0" implVendor="Apache Software Foundation" implTitle="JBoss [Zion]" implVendorID="org.apache" implURL="http://www.jboss.org/" sealed="false" md5Digest="c7b85fe15432b7b0948c07a7b1a5c33c"/>
  <jar name="concurrent.jar" specVersion="1.3.4" specVendor="oswego.edu" specTitle="util.concurrent" implVersion="1.3.4 compiled: February 17 2005" implVendor="http://gee.cs.oswego.edu/dl/classes/EDU/oswego/cs/dl/util/concurrent/intro.html" implTitle="util.concurrent" implVendorID="http://www.jboss.org/" implURL="http://www.jboss.org/" sealed="false" md5Digest="acbe6dea2033a9144d697293235d4fc"/>
  <jar name="console-mgr-classes.jar" specVersion="4.0.4.GA" specVendor="JBoss (http://www.jboss.org/)" specTitle="JBoss" implVersion="4.0.4.GA (build: CVSTag=JBoss_4_0_4_GA date=200605151000)" implVendor="JBoss Inc." implTitle="JBoss [Zion]" implVendorID="http://www.jboss.org/" implURL="http://www.jboss.org/" sealed="false" md5Digest="2d83af839667d9057dd036109ecdb7df"/>
  <jar name="deployment-service.sar" specVersion="4.0.4.GA" specVendor="JBoss (http://www.jboss.org/)" specTitle="JBoss" implVersion="4.0.4.GA (build: CVSTag=JBoss_4_0_4_GA date=200605151000)" implVendor="JBoss Inc." implTitle="JBoss [Zion]" implVendorID="http://www.jboss.org/" implURL="http://www.jboss.org/" sealed="false" md5Digest="654c93b29fdf9ba675db004f6c41b35a"/>
  <jar name="dom4j.jar" specVersion="1.6.1jboss" specVendor="www.dom4j.org" specTitle="dom4j" implVersion="1.6.1jboss" implVendor="JBoss Inc." implTitle="dom4j" implVendorID="www.jboss.org" implURL="http://www.dom4j.org" sealed="false" md5Digest="4583b3241e5dd7235f9a2852a4e0c58a"/>
  <jar name="ejb-management.jar" specVersion="4.0.4.GA" specVendor="JBoss (http://www.jboss.org/)" specTitle="JBoss" implVersion="4.0.4.GA (build: CVSTag=JBoss_4_0_4_GA date=200605151000)" implVendor="JBoss Inc." implTitle="JBoss [Zion]" implVendorID="http://www.jboss.org/" implURL="http://www.jboss.org/" sealed="false" md5Digest="602be99edc8ee3c20e8bd98b8009d0b1"/>
  <jar name="getopt.jar" specVersion="4.0.4.GA" specVendor="JBoss (http://www.jboss.org/)" specTitle="JBoss" implVersion="4.0.4.GA (build: CVSTag=JBoss_4_0_4_GA date=200605151000)" implVendor="JBoss Inc." implTitle="JBoss [Zion]" implVendorID="http://www.jboss.org/" implURL="http://www.jboss.org/" sealed="false" md5Digest="74b95caa1460af55e73833790fe5b10c"/>
  <jar name="hibernate3.jar" specVersion="4.0.4.GA" specVendor="JBoss (http://www.jboss.org/)" specTitle="JBoss" implVersion="3.2.0.cr2" implVendor="hibernate.org" implTitle="Hibernate3" implVendorID="http://www.jboss.org/" implURL="http://www.jboss.org/" sealed="false" md5Digest="b09b1d2e2aa731aef18af546e63dd646"/>
  <jar name="hsqldb-plugin.jar" specVersion="4.0.4.GA" specVendor="JBoss (http://www.jboss.org/)" specTitle="JBoss" implVersion="4.0.4.GA (build: CVSTag=JBoss_4_0_4_GA date=200605151000)" implVendor="JBoss Inc." implTitle="JBoss [Zion]" implVendorID="http://www.jboss.org/" implURL="http://www.jboss.org/" sealed="false" md5Digest="703781b1276a73e2f83e8ed026282ff2"/>
  <jar name="hsqldb.jar" specVersion="4.0.4.GA" specVendor="JBoss (http://www.jboss.org/)" specTitle="JBoss" implVersion="4.0.4.GA (build: CVSTag=JBoss_4_0_4_GA date=200605151000)" implVendor="JBoss Inc." implTitle="JBoss [Zion]" implVendorID="http://www.jboss.org/" implURL="http://www.jboss.org/" sealed="false" md5Digest="c86c8b7e2cfe9a947933bf13b865dd21"/>
  <jar name="jacorb.jar" specVersion="4.0.4.GA" specVendor="JBoss (http://www.jboss.org/)" specTitle="JBoss" implVersion="4.0.4.GA (build: CVSTag=JBoss_4_0_4_GA date=200605151000)" implVendor="JBoss Inc." implTitle="JBoss [Zion]" implVendorID="http://www.jboss.org/" implURL="http://www.jboss.org/" sealed="false" md5Digest="742b33e1bc9f5447072758b81be82b6a"/>
  <jar name="jasper-compiler-jdt.jar" specVersion="4.0.4.GA" specVendor="JBoss (http://www.jboss.org/)" specTitle="JBoss" implVersion="4.0.4.GA (build: CVSTag=JBoss_4_0_4_GA date=200605151000)" implVendor="JBoss Inc." implTitle="JBoss [Zion]" implVendorID="http://www.jboss.org/" implURL="http://www.jboss.org/" sealed="false" md5Digest="c4ee081d47d3b844f5790def0789abc6"/>
  <jar name="jasper-compiler.jar" specVersion="4.0.4.GA" specVendor="JBoss (http://www.jboss.org/)" specTitle="JBoss" implVersion="4.0.4.GA (build: CVSTag=JBoss_4_0_4_GA date=200605151000)" implVendor="JBoss Inc." implTitle="JBoss [Zion]" implVendorID="http://www.jboss.org/" implURL="http://www.jboss.org/" sealed="false" md5Digest="ee8ff4777544fa229915a22fafa4d7ac"/>
  <jar name="jasper-runtime.jar" specVersion="4.0.4.GA" specVendor="JBoss (http://www.jboss.org/)" specTitle="JBoss" implVersion="4.0.4.GA (build: CVSTag=JBoss_4_0_4_GA date=200605151000)" implVendor="JBoss Inc." implTitle="JBoss [Zion]" implVendorID="http://www.jboss.org/" implURL="http://www.jboss.org/" sealed="false" md5Digest="ca1ca7d3c3ef2b3f0675c7c9287355e4"/>
  <jar name="javassist.jar" specVersion="3.2.0.CR2" specVendor="Shigeru Chiba, Tokyo Institute of Technology" specTitle="Javassist" implVersion="4.0.4.GA (build: CVSTag=JBoss_4_0_4_GA date=200605151000)" implVendor="JBoss Inc." implTitle="JBoss [Zion]" implVendorID="http://www.jboss.org/" implURL="http://www.jboss.org/" sealed="false" md5Digest="96eeca013da7fe435e12623ed1c9bb1f"/>
  <jar name="javax.servlet.jar" specVersion="4.0.4.GA" specVendor="JBoss (http://www.jboss.org/)" specTitle="JBoss" implVersion="4.0.4.GA (build: CVSTag=JBoss_4_0_4_GA date=200605151000)" implVendor="JBoss Inc." implTitle="JBoss [Zion]" implVendorID="http://www.jboss.org/" implURL="http://www.jboss.org/" sealed="false" md5Digest="7097b3bb73db77916336779b55f714b7"/>
  <jar name="javax.servlet.jsp.jar" specVersion="4.0.4.GA" specVendor="JBoss (http://www.jboss.org/)" specTitle="JBoss" implVersion="4.0.4.GA (build: CVSTag=JBoss_4_0_4_GA date=200605151000)" implVendor="JBoss Inc." implTitle="JBoss [Zion]" implVendorID="http://www.jboss.org/" implURL="http://www.jboss.org/" sealed="false" md5Digest="5b472e2d8c1b8c7d72027474a3646582"/>
  <jar name="jboss-aop.jar" specVersion="jboss-aop-1.5.0.GA" specVendor="JBoss (http://www.jboss.org/)" specTitle="JBoss AOP Framework" implVersion="jboss-aop-1.5.0.GA" implVendor="JBoss.org" implTitle="JBoss AOP Framework" implVendorID="http://www.jboss.org/" implURL="http://www.jboss.org/" sealed="false" md5Digest="2dc0b394d80d8ec41ac82e28c9587d98"/>
  <jar name="jboss-aspect-library.jar" specVersion="jboss-aspect-library-1.5" specVendor="JBoss (http://www.jboss.org/)" specTitle="JBoss AOP Aspect Library" implVersion="jboss-aspect-library-1.5" implVendor="JBoss Inc." implTitle="JBoss AOP Aspect Library" implVendorID="http://www.jboss.org/" implURL="http://www.jboss.org/" sealed="false" md5Digest="ad903ea059b2c19e82dfb70c329d0698"/>
  <jar name="jboss-backport-concurrent.jar" specVersion="4.0.4.GA" specVendor="JBoss (http://www.jboss.org/)" specTitle="JBoss" implVersion="4.0.4.GA (build: CVSTag=JBoss_4_0_4_GA date=200605151000)" implVendor="JBoss Inc." implTitle="JBoss [Zion]" implVendorID="http://www.jboss.org/" implURL="http://www.jboss.org/" sealed="false" md5Digest="54ed4c324aa53136d8b2f9347287b5d8"/>
  <jar name="jboss-bean-deployer.jar" specVersion="4.0.4.GA" specVendor="JBoss (http://www.jboss.org/)" specTitle="JBoss" implVersion="4.0.4.GA (build: CVSTag=JBoss_4_0_4_GA date=200605151000)" implVendor="JBoss Inc." implTitle="JBoss [Zion]" implVendorID="http://www.jboss.org/" implURL="http://www.jboss.org/" sealed="false" md5Digest="1b58f3e13003f001b8b58d9b56234cea"/>
  <jar name="jboss-cache.jar" specVersion="1.2.4.SP2" specVendor="JBoss Inc." specTitle="JBossCache" implVersion="1.2.4.SP2" implVendor="JBoss Inc." implTitle="JBossCache" implVendorID="http://www.jboss.org/" implURL="http://www.jboss.org/" sealed="false" md5Digest="3d9dbeafb145aaa9f220034998aa5ad3"/>
  <jar name="jboss-client.jar" specVersion="4.0.4.GA" specVendor="JBoss (http://www.jboss.org/)" specTitle="JBoss" implVersion="4.0.4.GA (build: CVSTag=JBoss_4_0_4_GA date=200605151000)" implVendor="JBoss Inc." implTitle="JBoss [Zion]" implVendorID="http://www.jboss.org/" implURL="http://www.jboss.org/" sealed="false" md5Digest="f773a02299e76e03035dde11d85c2143"/>
  <jar name="jboss-common-client.jar" specVersion="4.0.4.GA" specVendor="JBoss (http://www.jboss.org/)" specTitle="JBoss" implVersion="4.0.4.GA (build: CVSTag=JBoss_4_0_4_GA date=200605151000)" implVendor="JBoss Inc." implTitle="JBoss [Zion]" implVendorID="http://www.jboss.org/" implURL="http://www.jboss.org/" sealed="false" md5Digest="615dcfce2f156ebd3aa2e87554f21a56"/>
  <jar name="jboss-common-jdbc-wrapper.jar" specVersion="4.0.4.GA" specVendor="JBoss (http://www.jboss.org/)" specTitle="JBoss" implVersion="4.0.4.GA (build: CVSTag=JBoss_4_0_4_GA date=200605151000)" implVendor="JBoss Inc." implTitle="JBoss [Zion]" implVendorID="http://www.jboss.org/" implURL="http://www.jboss.org/" sealed="false" md5Digest="91780ce90f80d2e2dc6dae0855c69049"/>
  <jar name="jboss-common.jar" specVersion="4.0.4.GA" specVendor="JBoss (http://www.jboss.org/)" specTitle="JBoss" implVersion="4.0.4.GA (build: CVSTag=JBoss_4_0_4_GA date=200605151000)" implVendor="JBoss Inc." implTitle="JBoss [Zion]" implVendorID="http://www.jboss.org/" implURL="http://www.jboss.org/" sealed="false" md5Digest="f0b14d67757d0f90a00258ea3627d8d2"/>
  <jar name="jboss-container.jar" specVersion="5.0.0" specVendor="JBoss (http://www.jboss.org/)" specTitle="JBoss" implVersion="5.0.0alpha (build: CVSTag=HEAD date=200601252203)" implVendor="JBoss.org" implTitle="JBoss [TheOne]" implVendorID="http://www.jboss.org/" implURL="http://www.jboss.org/" sealed="false" md5Digest="e52df15636ea3980db2ed30767be3a3c"/>
  <jar name="jboss-dependency.jar" specVersion="5.0.0" specVendor="JBoss (http://www.jboss.org/)" specTitle="JBoss" implVersion="5.0.0alpha (build: CVSTag=HEAD date=200601252203)" implVendor="JBoss.org" implTitle="JBoss [TheOne]" implVendorID="http://www.jboss.org/" implURL="http://www.jboss.org/" sealed="false" md5Digest="d1a0af6c8a35150383d0635c4141173e"/>
  <jar name="jboss-deployment.jar" specVersion="1.1" specVendor="Sun Microsystems, Inc." specTitle="J2EE Deployment API" implVersion="1.1-DEV" implVendor="JBoss Inc." implTitle="JBoss JSR-88 Deployment API" implVendorID="http://www.jboss.org/" implURL="http://www.jboss.org/" sealed="false" md5Digest="ab82982122a0abe852f2fb4d38821c2d"/>
  <jar name="jboss-ha-local-jdbc.rar" specVersion="4.0.4.GA" specVendor="JBoss (http://www.jboss.org/)" specTitle="JBoss" implVersion="4.0.4.GA (build: CVSTag=JBoss_4_0_4_GA date=200605151000)" implVendor="JBoss Inc." implTitle="JBoss [Zion]" implVendorID="http://www.jboss.org/" implURL="http://www.jboss.org/" sealed="false" md5Digest="7e6be31561bcde034e43794eacd22fbb"/>
  <jar name="jboss-ha-xa-jdbc.rar" specVersion="4.0.4.GA" specVendor="JBoss (http://www.jboss.org/)" specTitle="JBoss" implVersion="4.0.4.GA (build: CVSTag=JBoss_4_0_4_GA date=200605151000)" implVendor="JBoss Inc." implTitle="JBoss [Zion]" implVendorID="http://www.jboss.org/" implURL="http://www.jboss.org/" sealed="false" md5Digest="421c521223ab556dd0d00bb7ae7e26a1"/>
  <jar name="jboss-hibernate.jar" specVersion="4.0.4.GA" specVendor="JBoss (http://www.jboss.org/)" specTitle="JBoss" implVersion="4.0.4.GA (build: CVSTag=JBoss_4_0_4_GA date=200605151000)" implVendor="JBoss Inc." implTitle="JBoss [Zion]" implVendorID="http://www.jboss.org/" implURL="http://www.jboss.org/" sealed="false" md5Digest="296445237270765ee4576f60f17d6af3"/>
  <jar name="jboss-iiop-client.jar" specVersion="4.0.4.GA" specVendor="JBoss (http://www.jboss.org/)" specTitle="JBoss" implVersion="4.0.4.GA (build: CVSTag=JBoss_4_0_4_GA date=200605151000)" implVendor="JBoss Inc." implTitle="JBoss [Zion]" implVendorID="http://www.jboss.org/" implURL="http://www.jboss.org/" sealed="false" md5Digest="7a7456472d99103104bc351934f1fbd7"/>
  <jar name="jboss-iiop.jar" specVersion="4.0.4.GA" specVendor="JBoss (http://www.jboss.org/)" specTitle="JBoss" implVersion="4.0.4.GA (build: CVSTag=JBoss_4_0_4_GA date=200605151000)" implVendor="JBoss Inc." implTitle="JBoss [Zion]" implVendorID="http://www.jboss.org/" implURL="http://www.jboss.org/" sealed="false" md5Digest="46b4f26c221629bb1f07f9efb6d02c8"/>
  <jar name="jboss-j2ee.jar" specVersion="4.0.4.GA" specVendor="JBoss (http://www.jboss.org/)" specTitle="JBoss" implVersion="4.0.4.GA (build: CVSTag=JBoss_4_0_4_GA date=200605151000)" implVendor="JBoss Inc." implTitle="JBoss [Zion]" implVendorID="http://www.jboss.org/" implURL="http://www.jboss.org/" sealed="false" md5Digest="ff11cfe7d6111724949a59b7ea8b74af"/>
  <jar name="jboss-jaxrpc.jar" specVersion="4.0.4.GA" specVendor="JBoss (http://www.jboss.org/)" specTitle="JBoss" implVersion="4.0.4.GA (build: CVSTag=JBoss_4_0_4_GA date=200605151000)" implVendor="JBoss Inc." implTitle="JBoss [Zion]" implVendorID="http://www.jboss.org/" implURL="http://www.jboss.org/" sealed="false" md5Digest="369eb110179185aa85feaec2d5714ef7"/>
  <jar name="jboss-jca.jar" specVersion="4.0.4.GA" specVendor="JBoss (http://www.jboss.org/)" specTitle="JBoss" implVersion="4.0.4.GA (build: CVSTag=JBoss_4_0_4_GA date=200605151000)" implVendor="JBoss Inc." implTitle="JBoss [Zion]" implVendorID="http://www.jboss.org/" implURL="http://www.jboss.org/" sealed="false" md5Digest="66c3d5a215da79aeffabdca3ae16bb61"/>
  <jar name="jboss-jmx.jar" specVersion="4.0.4.GA" specVendor="JBoss (http://www.jboss.org/)" specTitle="JBoss" implVersion="4.0.4.GA (build: CVSTag=JBoss_4_0_4_GA date=200605151000)" implVendor="JBoss Inc." implTitle="JBoss [Zion]" implVendorID="http://www.jboss.org/" implURL="http://www.jboss.org/" sealed="false" md5Digest="6dd24b80abfe7f9737ebf2f65c182d9"/>
  <jar name="jboss-jsr77-client.jar" specVersion="4.0.4.GA" specVendor="JBoss (http://www.jboss.org/)" specTitle="JBoss" implVersion="4.0.4.GA (build: CVSTag=JBoss_4_0_4_GA date=200605151000)" implVendor="JBoss Inc." implTitle="JBoss [Zion]" implVendorID="http://www.jboss.org/" implURL="http://www.jboss.org/" sealed="false" md5Digest="668a5384445faee295f2a86c9aad94cb"/>
  <jar name="jboss-jsr77.jar" specVersion="4.0.4.GA" specVendor="JBoss (http://www.jboss.org/)" specTitle="JBoss" implVersion="4.0.4.GA (build: CVSTag=JBoss_4_0_4_GA date=200605151000)" implVendor="JBoss Inc." implTitle="JBoss [Zion]" implVendorID="http://www.jboss.org/" implURL="http://www.jboss.org/" sealed="false" md5Digest="f7612506c790ba6de37437e4de8a05d0"/>
  <jar name="jboss-jsr88.jar" specVersion="4.0.4.GA" specVendor="JBoss (http://www.jboss.org/)" specTitle="JBoss" implVersion="4.0.4.GA (build: CVSTag=JBoss_4_0_4_GA date=200605151000)" implVendor="JBoss Inc." implTitle="JBoss [Zion]" implVendorID="http://www.jboss.org/" implURL="http://www.jboss.org/" sealed="false" md5Digest="8ff0acf8dc1168fced6b0947bf69205"/>
  <jar name="jboss-local-jdbc.rar" specVersion="4.0.4.GA" specVendor="JBoss (http://www.jboss.org/)" specTitle="JBoss" implVersion="4.0.4.GA (build: CVSTag=JBoss_4_0_4_GA date=200605151000)" implVendor="JBoss Inc." implTitle="JBoss [Zion]" implVendorID="http://www.jboss.org/" implURL="http://www.jboss.org/" sealed="false" md5Digest="cae79f21dffae16310c07404da7bb9e"/>
  <jar name="jboss-management.jar" specVersion="4.0.4.GA" specVendor="JBoss (http://www.jboss.org/)" specTitle="JBoss" implVersion="4.0.4.GA (build: CVSTag=JBoss_4_0_4_GA date=200605151000)" implVendor="JBoss Inc." implTitle="JBoss [Zion]" implVendorID="http://www.jboss.org/" implURL="http://www.jboss.org/" sealed="false" md5Digest="2287f22b7f48260c9770757d576e683c"/>
  <jar name="jboss-microcontainer.jar" specVersion="5.0.0" specVendor="JBoss (http://www.jboss.org/)" specTitle="JBoss" implVersion="5.0.0alpha (build: CVSTag=HEAD date=200601252203)" implVendor="JBoss.org" implTitle="JBoss [TheOne]" implVendorID="http://www.jboss.org/" implURL="http://www.jboss.org/" sealed="false" md5Digest="643ae5e744108f41a42f055e1928adda"/>
  <jar name="jboss-minimal.jar" specVersion="4.0.4.GA" specVendor="JBoss (http://www.jboss.org/)" specTitle="JBoss" implVersion="4.0.4.GA (build: CVSTag=JBoss_4_0_4_GA date=200605151000)" implVendor="JBoss Inc." implTitle="JBoss [Zion]" implVendorID="http://www.jboss.org/" implURL="http://www.jboss.org/" sealed="false" md5Digest="5bd52e2007f88cda6dd059d226dbac85"/>
  <jar name="jboss-monitoring.jar" specVersion="4.0.4.GA" specVendor="JBoss (http://www.jboss.org/)" specTitle="JBoss" implVersion="4.0.4.GA (build: CVSTag=JBoss_4_0_4_GA date=200605151000)" implVendor="JBoss Inc." implTitle="JBoss [Zion]" implVendorID="http://www.jboss.org/" implURL="http://www.jboss.org/" sealed="false" md5Digest="3eff23822ee8c6657c17487af689f899"/>
  <jar name="jboss-remoting-int.jar" specVersion="4.0.4.GA" specVendor="JBoss (http://www.jboss.org/)" specTitle="JBoss" implVersion="4.0.4.GA (build: CVSTag=JBoss_4_0_4_GA date=200605151000)" implVendor="JBoss Inc." implTitle="JBoss [Zion]" implVendorID="http://www.jboss.org/" implURL="http://www.jboss.org/" sealed="false" md5Digest="b826273753e7a85cfd88fba89fbe53fd"/>
  <jar name="jboss-remoting.jar" specVersion="4.0.4.GA" specVendor="JBoss (http://www.jboss.org/)" specTitle="JBoss" implVersion="4.0.4.GA (build: CVSTag=JBoss_4_0_4_GA date=200605151000)" implVendor="JBoss Inc." implTitle="JBoss [Zion]" implVendorID="http://www.jboss.org/" implURL="http://www.jboss.org/" sealed="false" md5Digest="b1834b471f94c6ad2beed814b5ae7b5b"/>
  <jar name="jboss-saaj.jar" specVersion="4.0.4.GA" specVendor="JBoss (http://www.jboss.org/)" specTitle="JBoss" implVersion="4.0.4.GA (build: CVSTag=JBoss_4_0_4_GA date=200605151000)" implVendor="JBoss Inc." implTitle="JBoss [Zion]" implVendorID="http://www.jboss.org/" implURL="http://www.jboss.org/" sealed="false" md5Digest="1e5988e254cba0f4c42efd5ef5c53ca6"/>
  <jar name="jboss-serialization.jar" specVersion="4.0.4.GA" specVendor="JBoss (http://www.jboss.org/)" specTitle="JBoss" implVersion="4.0.4.GA (build: CVSTag=JBoss_4_0_4_GA date=200605151000)" implVendor="JBoss Inc." implTitle="JBoss [Zion]" implVendorID="http://www.jboss.org/" implURL="http://www.jboss.org/" sealed="false" md5Digest="f65d1d816938bab67a5418179afbef5e"/>
  <jar name="jboss-srp-client.jar" specVersion="4.0.4.GA" specVendor="JBoss (http://www.jboss.org/)" specTitle="JBoss" implVersion="4.0.4.GA (build: CVSTag=JBoss_4_0_4_GA date=200605151000)" implVendor="JBoss Inc." implTitle="JBoss [Zion]" implVendorID="http://www.jboss.org/" implURL="http://www.jboss.org/" sealed="false" md5Digest="d2d7847f4b7ae4074e3907f6b1180de1"/>
  <jar name="jboss-srp.jar" specVersion="4.0.4.GA" specVendor="JBoss (http://www.jboss.org/)" specTitle="JBoss" implVersion="4.0.4.GA (build: CVSTag=JBoss_4_0_4_GA date=200605151000)" implVendor="JBoss Inc." implTitle="JBoss [Zion]" implVendorID="http://www.jboss.org/" implURL="http://www.jboss.org/" sealed="false" md5Digest="830cfdd18dd811a0a264b3a933d31ce5"/>
  <jar name="jboss-system-client.jar" specVersion="4.0.4.GA" specVendor="JBoss (http://www.jboss.org/)" specTitle="JBoss" implVersion="4.0.4.GA (build: CVSTag=JBoss_4_0_4_GA date=200605151000)" implVendor="JBoss Inc." implTitle="JBoss [Zion]" implVendorID="http://www.jboss.org/" implURL="http://www.jboss.org/" sealed="false" md5Digest="588aac2cedb7431a1b0f3f4c0fa67d3c"/>
  <jar name="jboss-system.jar" specVersion="4.0.4.GA" specVendor="JBoss (http://www.jboss.org/)" specTitle="JBoss" implVersion="4.0.4.GA (build: CVSTag=JBoss_4_0_4_GA date=200605151000)" implVendor="JBoss Inc." implTitle="JBoss [Zion]" implVendorID="http://www.jboss.org/" implURL="http://www.jboss.org/" sealed="false" md5Digest="cf4cae841ff4138da7b5eeb89aafb4bc"/>
  <jar name="jboss-transaction-client.jar" specVersion="4.0.4.GA" specVendor="JBoss (http://www.jboss.org/)" specTitle="JBoss" implVersion="4.0.4.GA (build: CVSTag=JBoss_4_0_4_GA date=200605151000)" implVendor="JBoss Inc." implTitle="JBoss [Zion]" implVendorID="http://www.jboss.org/" implURL="http://www.jboss.org/" sealed="false" md5Digest="91407461d49eb65128852fa03060adde"/>
  <jar name="jboss-transaction.jar" specVersion="4.0.4.GA" specVendor="JBoss (http://www.jboss.org/)" specTitle="JBoss" implVersion="4.0.4.GA (build: CVSTag=JBoss_4_0_4_GA date=200605151000)" implVendor="JBoss Inc." implTitle="JBoss [Zion]" implVendorID="http://www.jboss.org/" implURL="http://www.jboss.org/" sealed="false" md5Digest="bdd04c6440eabab5dd0a217d83ae119d"/>
  <jar name="jboss-ws4ee-client.jar" specVersion="4.0.4.GA" specVendor="JBoss (http://www.jboss.org/)" specTitle="JBoss" implVersion="4.0.4.GA (build: CVSTag=JBoss_4_0_4_GA date=200605151000)" implVendor="JBoss Inc." implTitle="JBoss [Zion]" implVendorID="http://www.jboss.org/" implURL="http://www.jboss.org/" sealed="false" md5Digest="c4f2b2122c85b0c76b7d161f8bf47fe3"/>
  <jar name="jboss-ws4ee.jar" specVersion="4.0.4.GA" specVendor="JBoss (http://www.jboss.org/)" specTitle="JBoss" implVersion="4.0.4.GA (build: CVSTag=JBoss_4_0_4_GA date=200605151000)" implVendor="JBoss Inc." implTitle="JBoss [Zion]" implVendorID="http://www.jboss.org/" implURL="http://www.jboss.org/" sealed="false" md5Digest="90aabf7588a3667b5d972fda8b5db3da"/>
  <jar name="jboss-ws4ee.war" specVersion="4.0.4.GA" specVendor="JBoss (http://www.jboss.org/)" specTitle="JBoss" implVersion="4.0.4.GA (build: CVSTag=JBoss_4_0_4_GA date=200605151000)" implVendor="JBoss Inc." implTitle="JBoss [Zion]" implVendorID="http://www.jboss.org/" implURL="http://www.jboss.org/" sealed="false" md5Digest="caa4490c77ac475b358ee8c921f56a3e"/>
  <jar name="jboss-xa-jdbc.rar" specVersion="4.0.4.GA" specVendor="JBoss (http://www.jboss.org/)" specTitle="JBoss" implVersion="4.0.4.GA (build: CVSTag=JBoss_4_0_4_GA date=200605151000)" implVendor="JBoss Inc." implTitle="JBoss [Zion]" implVendorID="http://www.jboss.org/" implURL="http://www.jboss.org/" sealed="false" md5Digest="5c2fa1f05d058188ec0e2d597ac9a52b"/>
  <jar name="jboss-xml-binding.jar" specVersion="5.0.0.Alpha" specVendor="JBoss (http://www.jboss.org/)" specTitle="JBoss" implVersion="5.0.0.Alpha (build: CVSTag=HEAD date=200605021237)" implVendor="JBoss.org" implTitle="JBoss [Morpheus]" implVendorID="http://www.jboss.org/" implURL="http://www.jboss.org/" sealed="false" md5Digest="f914a3453025c79e0f4f412ed0de0fd"/>
  <jar name="jboss.jar" specVersion="4.0.4.GA" specVendor="JBoss (http://www.jboss.org/)" specTitle="JBoss" implVersion="4.0.4.GA (build: CVSTag=JBoss_4_0_4_GA date=200605151000)" implVendor="JBoss Inc." implTitle="JBoss [Zion]" implVendorID="http://www.jboss.org/" implURL="http://www.jboss.org/" sealed="false" md5Digest="89b86900d48e5ab164546c17af6853e2"/>
  <jar name="jbossall-client.jar" specVersion="4.0.4.GA" specVendor="JBoss (http://www.jboss.org/)" specTitle="JBoss" implVersion="4.0.4.GA (build: CVSTag=JBoss_4_0_4_GA date=200605151000)" implVendor="JBoss Inc." implTitle="JBoss [Zion]" implVendorID="http://www.jboss.org/" implURL="http://www.jboss.org/" sealed="false" md5Digest="bc06bb483338310ee0c0d475cf65e6ba"/>
  <jar name="jbosscx-client.jar" specVersion="4.0.4.GA" specVendor="JBoss (http://www.jboss.org/)" specTitle="JBoss" implVersion="4.0.4.GA (build: CVSTag=JBoss_4_0_4_GA date=200605151000)" implVendor="JBoss Inc." implTitle="JBoss [Zion]" implVendorID="http://www.jboss.org/" implURL="http://www.jboss.org/" sealed="false" md5Digest="838b561e5e057bc5d709a9000b885fd4"/>
  <jar name="jbossha-client.jar" specVersion="4.0.4.GA" specVendor="JBoss (http://www.jboss.org/)" specTitle="JBoss" implVersion="4.0.4.GA (build: CVSTag=JBoss_4_0_4_GA date=200605151000)" implVendor="JBoss Inc." implTitle="JBoss [Zion]" implVendorID="http://www.jboss.org/" implURL="http://www.jboss.org/" sealed="false" md5Digest="83f8e61a2634784e6f098a41f7daa285"/>
  <jar name="jbossha.jar" specVersion="4.0.4.GA" specVendor="JBoss (http://www.jboss.org/)" specTitle="JBoss" implVersion="4.0.4.GA (build: CVSTag=JBoss_4_0_4_GA date=200605151000)" implVendor="JBoss Inc." implTitle="JBoss [Zion]" implVendorID="http://www.jboss.org/" implURL="http://www.jboss.org/" sealed="false" md5Digest="dfc905d8042ebf45c6eb3bbc06273a7b"/>
  <jar name="jbossjmx-ant.jar" specVersion="4.0.4.GA" specVendor="JBoss (http://www.jboss.org/)" specTitle="JBoss" implVersion="4.0.4.GA (build: CVSTag=JBoss_4_0_4_GA date=200605151000)" implVendor="JBoss Inc." implTitle="JBoss [Zion]" implVendorID="http://www.jboss.org/" implURL="http://www.jboss.org/" sealed="false" md5Digest="a83e0da4adc4ad6e2f2bef6e357af630"/>
  <jar name="jbossmq-client.jar" specVersion="4.0.4.GA" specVendor="JBoss (http://www.jboss.org/)" specTitle="JBoss" implVersion="4.0.4.GA (build: CVSTag=JBoss_4_0_4_GA date=200605151000)" implVendor="JBoss Inc." implTitle="JBoss [Zion]" implVendorID="http://www.jboss.org/" implURL="http://www.jboss.org/" sealed="false" md5Digest="b59191860c2c1b82f7ca7402f43dd6da"/>
  <jar name="jbossmq.jar" specVersion="4.0.4.GA" specVendor="JBoss (http://www.jboss.org/)" specTitle="JBoss" implVersion="4.0.4.GA (build: CVSTag=JBoss_4_0_4_GA date=200605151000)" implVendor="JBoss Inc." implTitle="JBoss [Zion]" implVendorID="http://www.jboss.org/" implURL="http://www.jboss.org/" sealed="false" md5Digest="de59bf64745a49abfd517fbd28fd00d1"/>
  <jar name="jbossretro-rt.jar" specVersion="4.0.4.GA" specVendor="JBoss (http://www.jboss.org/)" specTitle="JBoss" implVersion="1.0.0.GA" implVendor="JBoss Inc." implTitle="JBossRetro Runtime" implVendorID="http://www.jboss.org/" implURL="http://www.jboss.org/" sealed="false" md5Digest="e5b021a3c0d9f9ce5190409368b6518b"/>
  <jar name="jbosssx-client.jar" specVersion="4.0.4.GA" specVendor="JBoss (http://www.jboss.org/)" specTitle="JBoss" implVersion="4.0.4.GA (build: CVSTag=JBoss_4_0_4_GA date=200605151000)" implVendor="JBoss Inc." implTitle="JBoss [Zion]" implVendorID="http://www.jboss.org/" implURL="http://www.jboss.org/" sealed="false" md5Digest="1705115b561d601ae1f88216a5eb2d54"/>
  <jar name="jbosssx.jar" specVersion="4.0.4.GA" specVendor="JBoss (http://www.jboss.org/)" specTitle="JBoss" implVersion="4.0.4.GA (build: CVSTag=JBoss_4_0_4_GA date=200605151000)" implVendor="JBoss Inc." implTitle="JBoss [Zion]" implVendorID="http://www.jboss.org/" implURL="http://www.jboss.org/" sealed="false" md5Digest="a00c9997727e716ef21bc09b429dfdc1"/>
  <jar name="jbossws.war" specVersion="4.0.4.GA" specVendor="JBoss (http://www.jboss.org/)" specTitle="JBoss" implVersion="4.0.4.GA (build: CVSTag=JBoss_4_0_4_GA date=200605151000)" implVendor="JBoss Inc." implTitle="JBoss [Zion]" implVendorID="http://www.jboss.org/" implURL="http://www.jboss.org/" sealed="false" md5Digest="9173e5be43711c57c6e930b34bd4fc27"/>
  <jar name="jbossws14-client.jar" specVersion="jbossws-1.0" specVendor="JBoss (http://www.jboss.org)" specTitle="JBossWS" implVersion="jbossws-1.0.0.GA (date=200604281743)" implVendor="JBoss Inc." implTitle="JBoss Web Services (JBossWS)" implVendorID="http://www.jboss.org" implURL="http://www.jboss.org/products/jbossws" sealed="false" md5Digest="da892d6a313712275e8bd16d704463f1"/>
  <jar name="jbossws14.jar" specVersion="jbossws-1.0" specVendor="JBoss (http://www.jboss.org)" specTitle="JBossWS" implVersion="jbossws-1.0.0.GA (date=200604281743)" implVendor="JBoss Inc." implTitle="JBoss Web Services (JBossWS)" implVendorID="http://www.jboss.org" implURL="http://www.jboss.org/products/jbossws" sealed="false" md5Digest="5b32e6159cdfbb2ffa37576abff64904"/>
  <jar name="jcommon.jar" specVersion="4.0.4.GA" specVendor="JBoss (http://www.jboss.org/)" specTitle="JBoss" implVersion="4.0.4.GA (build: CVSTag=JBoss_4_0_4_GA date=200605151000)" implVendor="JBoss Inc." implTitle="JBoss [Zion]" implVendorID="http://www.jboss.org/" implURL="http://www.jboss.org/" sealed="false" md5Digest="685b4bdc6fbbee11e973d56852674f05"/>
  <jar name="jfreechart.jar" specVersion="4.0.4.GA" specVendor="JBoss (http://www.jboss.org/)" specTitle="JBoss" implVersion="4.0.4.GA (build: CVSTag=JBoss_4_0_4_GA date=200605151000)" implVendor="JBoss Inc." implTitle="JBoss [Zion]" implVendorID="http://www.jboss.org/" implURL="http://www.jboss.org/" sealed="false" md5Digest="8d949b2af403ffb1cc4b95b48df67f96"/>
  <jar name="jgroups.jar" specVersion="4.0.4.GA" specVendor="JBoss (http://www.jboss.org/)" specTitle="JBoss" implVersion="4.0.4.GA (build: CVSTag=JBoss_4_0_4_GA date=200605151000)" implVendor="JBoss Inc." implTitle="JBoss [Zion]" implVendorID="http://www.jboss.org/" implURL="http://www.jboss.org/" sealed="false" md5Digest="f5612bfb11188cb1656bd9baf747c889"/>
  <jar name="jms-ra.rar" specVersion="4.0.4.GA" specVendor="JBoss (http://www.jboss.org/)" specTitle="JBoss" implVersion="4.0.4.GA (build: CVSTag=JBoss_4_0_4_GA date=200605151000)" implVendor="JBoss Inc." implTitle="JBoss [Zion]" implVendorID="http://www.jboss.org/" implURL="http://www.jboss.org/" sealed="false" md5Digest="d3f11903732e7cf4b45aa7f454e3f174"/>
  <jar name="jmx-adaptor-plugin.jar" specVersion="4.0.4.GA" specVendor="JBoss (http://www.jboss.org/)" specTitle="JBoss" implVersion="4.0.4.GA (build: CVSTag=JBoss_4_0_4_GA date=200605151000)" implVendor="JBoss Inc." implTitle="JBoss [Zion]" implVendorID="http://www.jboss.org/" implURL="http://www.jboss.org/" sealed="false" md5Digest="90b2841a9084e95aabf0e9da7bb5d021"/>
  <jar name="jmx-client.jar" specVersion="4.0.4.GA" specVendor="JBoss (http://www.jboss.org/)" specTitle="JBoss" implVersion="4.0.4.GA (build: CVSTag=JBoss_4_0_4_GA date=200605151000)" implVendor="JBoss Inc." implTitle="JBoss [Zion]" implVendorID="http://www.jboss.org/" implURL="http://www.jboss.org/" sealed="false" md5Digest="dbe7ebf49264569abd6c4f433b4742c6"/>
  <jar name="jmx-invoker-adaptor-client.jar" specVersion="4.0.4.GA" specVendor="JBoss (http://www.jboss.org/)" specTitle="JBoss" implVersion="4.0.4.GA (build: CVSTag=JBoss_4_0_4_GA date=200605151000)" implVendor="JBoss Inc." implTitle="JBoss [Zion]" implVendorID="http://www.jboss.org/" implURL="http://www.jboss.org/" sealed="false" md5Digest="3278ef3aa5aeca0b31627073f174345c"/>
  <jar name="jnp-client.jar" specVersion="4.0.4.GA" specVendor="JBoss (http://www.jboss.org/)" specTitle="JBoss" implVersion="4.0.4.GA (build: CVSTag=JBoss_4_0_4_GA date=200605151000)" implVendor="JBoss Inc." implTitle="JBoss [Zion]" implVendorID="http://www.jboss.org/" implURL="http://www.jboss.org/" sealed="false" md5Digest="9c0c1805690b3224b9d6c372dcd336cd"/>
  <jar name="jnpserver.jar" specVersion="4.0.4.GA" specVendor="JBoss (http://www.jboss.org/)" specTitle="JBoss" implVersion="4.0.4.GA (build: CVSTag=JBoss_4_0_4_GA date=200605151000)" implVendor="JBoss Inc." implTitle="JBoss [Zion]" implVendorID="http://www.jboss.org/" implURL="http://www.jboss.org/" sealed="false" md5Digest="a689a3343d7ed991480b607e753e0a40"/>
  <jar name="jpl-pattern.jar" specVersion="4.0.4.GA" specVendor="JBoss (http://www.jboss.org/)" specTitle="JBoss" implVersion="4.0.4.GA (build: CVSTag=JBoss_4_0_4_GA date=200605151000)" implVendor="JBoss Inc." implTitle="JBoss [Zion]" implVendorID="http://www.jboss.org/" implURL="http://www.jboss.org/" sealed="false" md5Digest="fd84fa631ae255c3e9d33df0384dd1b5"/>
  <jar name="jpl-util.jar" specVersion="4.0.4.GA" specVendor="JBoss (http://www.jboss.org/)" specTitle="JBoss" implVersion="4.0.4.GA (build: CVSTag=JBoss_4_0_4_GA date=200605151000)" implVendor="JBoss Inc." implTitle="JBoss [Zion]" implVendorID="http://www.jboss.org/" implURL="http://www.jboss.org/" sealed="false" md5Digest="9ed550c4854bf0c6f1070f2afcd89c05"/>
  <jar name="jstl.jar" specVersion="1.1" specVendor="JBoss (http://www.jboss.org/)" specTitle="JavaServer Pages Standard Tag Library (JSTL)" implVersion="1.1.0" implVendor="Sun Microsystems, Inc." implTitle="JavaServer Pages Standard Tag Library API Reference Implementation" implVendorID="com.sun" implURL="http://www.jboss.org/" sealed="false" md5Digest="f6fd1be9bf5f8413df0db9deb6fd9a4e"/>
  <jar name="juddi-service.jar" specVersion="4.0.4.GA" specVendor="JBoss (http://www.jboss.org/)" specTitle="JBoss" implVersion="4.0.4.GA (build: CVSTag=JBoss_4_0_4_GA date=200605151000)" implVendor="JBoss Inc." implTitle="JBoss [Zion]" implVendorID="http://www.jboss.org/" implURL="http://www.jboss.org/" sealed="false" md5Digest="e2cb9ac9a58119f03fa9df41ce6c3486"/>
  <jar name="juddi.jar" specVersion="4.0.4.GA" specVendor="JBoss (http://www.jboss.org/)" specTitle="JBoss" implVersion="4.0.4.GA (build: CVSTag=JBoss_4_0_4_GA date=200605151000)" implVendor="JBoss Inc." implTitle="JBoss [Zion]" implVendorID="http://www.jboss.org/" implURL="http://www.jboss.org/" sealed="false" md5Digest="8d4c75fc38593314a96c8bedb6a8a63"/>
  <jar name="juddisaaj.jar" specVersion="4.0.4.GA" specVendor="JBoss (http://www.jboss.org/)" specTitle="JBoss" implVersion="4.0.4.GA (build: CVSTag=JBoss_4_0_4_GA date=200605151000)" implVendor="JBoss Inc." implTitle="JBoss [Zion]" implVendorID="http://www.jboss.org/" implURL="http://www.jboss.org/" sealed="false" md5Digest="bc39046ed5eef86c1b97170d9875063b"/>
  <jar name="log4j-boot.jar" specVersion="4.0.4.GA" specVendor="JBoss (http://www.jboss.org/)" specTitle="JBoss" implVersion="4.0.4.GA (build: CVSTag=JBoss_4_0_4_GA date=200605151000)" implVendor="JBoss Inc." implTitle="JBoss [Zion]" implVendorID="http://www.jboss.org/" implURL="http://www.jboss.org/" sealed="false" md5Digest="a11fef16ef763ab53fac6f76f2cd189b"/>
  <jar name="log4j.jar" specVersion="4.0.4.GA" specVendor="JBoss (http://www.jboss.org/)" specTitle="JBoss" implVersion="4.0.4.GA (build: CVSTag=JBoss_4_0_4_GA date=200605151000)" implVendor="JBoss Inc." implTitle="JBoss [Zion]" implVendorID="http://www.jboss.org/" implURL="http://www.jboss.org/" sealed="false" md5Digest="e06c636f30c56bb5f87927b53d68751e"/>
  <jar name="logging-monitor.jar" specVersion="4.0.4.GA" specVendor="JBoss (http://www.jboss.org/)" specTitle="JBoss" implVersion="4.0.4.GA (build: CVSTag=JBoss_4_0_4_GA date=200605151000)" implVendor="JBoss Inc." implTitle="JBoss [Zion]" implVendorID="http://www.jboss.org/" implURL="http://www.jboss.org/" sealed="false" md5Digest="e4891347ec50850cc8d1cba29081db63"/>
  <jar name="logkit.jar" specVersion="1.0" specVendor="Apache Software Foundation" specTitle="JBoss" implVersion="1.2" implVendor="Apache Software Foundation" implTitle="JBoss [Zion]" implVendorID="ASF" implURL="http://www.jboss.org/" sealed="false" md5Digest="c690e01c340a11e762f6932c798bb5d"/>
  <jar name="mail-plugin.jar" specVersion="4.0.4.GA" specVendor="JBoss (http://www.jboss.org/)" specTitle="JBoss" implVersion="4.0.4.GA (build: CVSTag=JBoss_4_0_4_GA date=200605151000)" implVendor="JBoss Inc." implTitle="JBoss [Zion]" implVendorID="http://www.jboss.org/" implURL="http://www.jboss.org/" sealed="false" md5Digest="23549428f776b3a6dd28ff20b107cdd0"/>
  <jar name="mail-ra.rar" specVersion="4.0.4.GA" specVendor="JBoss (http://www.jboss.org/)" specTitle="JBoss" implVersion="4.0.4.GA (build: CVSTag=JBoss_4_0_4_GA date=200605151000)" implVendor="JBoss Inc." implTitle="JBoss [Zion]" implVendorID="http://www.jboss.org/" implURL="http://www.jboss.org/" sealed="false" md5Digest="9062f292f5309b5b40850afc07c90611"/>
  <jar name="mail.jar" specVersion="1.3" specVendor="Sun Microsystems, Inc." specTitle="JavaMail(TM) API Design Specification" implVersion="1.3.1" implVendor="Sun Microsystems, Inc." implTitle="JBoss [Zion]" implVendorID="com.sun" implURL="http://www.jboss.org/" sealed="false" md5Digest="243b214c3ef1b7229a4282a64fcdf43b"/>
  <jar name="myfaces-api.jar" specVersion="4.0.4.GA" specVendor="JBoss (http://www.jboss.org/)" specTitle="JBoss" implVersion="4.0.4.GA (build: CVSTag=JBoss_4_0_4_GA date=200605151000)" implVendor="JBoss Inc." implTitle="JBoss [Zion]" implVendorID="http://www.jboss.org/" implURL="http://www.jboss.org/" sealed="false" md5Digest="14c07b6876dff98f6c81d154b11dff7a"/>
  <jar name="myfaces-impl.jar" specVersion="4.0.4.GA" specVendor="JBoss (http://www.jboss.org/)" specTitle="JBoss" implVersion="4.0.4.GA (build: CVSTag=JBoss_4_0_4_GA date=200605151000)" implVendor="JBoss Inc." implTitle="JBoss [Zion]" implVendorID="http://www.jboss.org/" implURL="http://www.jboss.org/" sealed="false" md5Digest="3b7527343b8e416574f36ea7b8f8d1f0"/>
  <jar name="namespace.jar" specVersion="4.0.4.GA" specVendor="JBoss (http://www.jboss.org/)" specTitle="JBoss" implVersion="4.0.4.GA (build: CVSTag=JBoss_4_0_4_GA date=200605151000)" implVendor="JBoss Inc." implTitle="JBoss [Zion]" implVendorID="http://www.jboss.org/" implURL="http://www.jboss.org/" sealed="false" md5Digest="158b90bb1467ea3b3a9427a48b7a60fe"/>
  <jar name="naming-resources.jar" specVersion="4.0.4.GA" specVendor="JBoss (http://www.jboss.org/)" specTitle="JBoss" implVersion="4.0.4.GA (build: CVSTag=JBoss_4_0_4_GA date=200605151000)" implVendor="JBoss Inc." implTitle="JBoss [Zion]" implVendorID="http://www.jboss.org/" implURL="http://www.jboss.org/" sealed="false" md5Digest="fbdc9d06f8566952af287a2526dc4f76"/>
  <jar name="netboot.war" specVersion="4.0.4.GA" specVendor="JBoss (http://www.jboss.org/)" specTitle="JBoss" implVersion="4.0.4.GA (build: CVSTag=JBoss_4_0_4_GA date=200605151000)" implVendor="JBoss Inc." implTitle="JBoss [Zion]" implVendorID="http://www.jboss.org/" implURL="http://www.jboss.org/" sealed="false" md5Digest="d175c60d2773c906dd47fae84d8dacfd"/>
  <jar name="otherimages.jar" specVersion="4.0.4.GA" specVendor="JBoss (http://www.jboss.org/)" specTitle="JBoss" implVersion="4.0.4.GA (build: CVSTag=JBoss_4_0_4_GA date=200605151000)" implVendor="JBoss Inc." implTitle="JBoss [Zion]" implVendorID="http://www.jboss.org/" implURL="http://www.jboss.org/" sealed="false" md5Digest="673126e99c11c6ef970041579697de3b"/>
  <jar name="properties-plugin.jar" specVersion="4.0.4.GA" specVendor="JBoss (http://www.jboss.org/)" specTitle="JBoss" implVersion="4.0.4.GA (build: CVSTag=JBoss_4_0_4_GA date=200605151000)" implVendor="JBoss Inc." implTitle="JBoss [Zion]" implVendorID="http://www.jboss.org/" implURL="http://www.jboss.org/" sealed="false" md5Digest="6a0f3dd077d5958560e11df8f0aa6d05"/>
  <jar name="resolver.jar" specVersion="4.0.4.GA" specVendor="JBoss (http://www.jboss.org/)" specTitle="JBoss" implVersion="4.0.4.GA (build: CVSTag=JBoss_4_0_4_GA date=200605151000)" implVendor="JBoss Inc." implTitle="JBoss [Zion]" implVendorID="http://www.jboss.org/" implURL="http://www.jboss.org/" sealed="false" md5Digest="cc3c88bc89376c677a64589b74059401"/>
  <jar name="run.jar" specVersion="4.0.4.GA" specVendor="JBoss (http://www.jboss.org/)" specTitle="JBoss" implVersion="4.0.4.GA (build: CVSTag=JBoss_4_0_4_GA date=200605151000)" implVendor="JBoss Inc." implTitle="JBoss [Zion]" implVendorID="http://www.jboss.org/" implURL="http://www.jboss.org/" sealed="false" md5Digest="e6cbd48929ec8e9575e74f4422092895"/>
  <jar name="scheduler-plugin-example.jar" specVersion="4.0.4.GA" specVendor="JBoss (http://www.jboss.org/)" specTitle="JBoss" implVersion="4.0.4.GA (build: CVSTag=JBoss_4_0_4_GA date=200605151000)" implVendor="JBoss Inc." implTitle="JBoss [Zion]" implVendorID="http://www.jboss.org/" implURL="http://www.jboss.org/" sealed="false" md5Digest="c91a12fe34a75297320855618a98be50"/>
  <jar name="scheduler-plugin.jar" specVersion="4.0.4.GA" specVendor="JBoss (http://www.jboss.org/)" specTitle="JBoss" implVersion="4.0.4.GA (build: CVSTag=JBoss_4_0_4_GA date=200605151000)" implVendor="JBoss Inc." implTitle="JBoss [Zion]" implVendorID="http://www.jboss.org/" implURL="http://www.jboss.org/" sealed="false" md5Digest="12d06fbfcb3f6c3f70f1bc1a700ac7e2"/>
  <jar name="scout.jar" specVersion="4.0.4.GA" specVendor="JBoss (http://www.jboss.org/)" specTitle="JBoss" implVersion="4.0.4.GA (build: CVSTag=JBoss_4_0_4_GA date=200605151000)" implVendor="JBoss Inc." implTitle="JBoss [Zion]" implVendorID="http://www.jboss.org/" implURL="http://www.jboss.org/" sealed="false" md5Digest="9947deff400a05a59ed78fdce07a1c76"/>
  <jar name="serializer.jar" specVersion="4.0.4.GA" specVendor="JBoss (http://www.jboss.org/)" specTitle="JBoss" implVersion="4.0.4.GA (build: CVSTag=JBoss_4_0_4_GA date=200605151000)" implVendor="JBoss Inc." implTitle="JBoss [Zion]" implVendorID="http://www.jboss.org/" implURL="http://www.jboss.org/" sealed="false" md5Digest="7e3e6d5c4b052ad5c9cb2797546556b3"/>
  <jar name="servlets-default.jar" specVersion="4.0.4.GA" specVendor="JBoss (http://www.jboss.org/)" specTitle="JBoss" implVersion="4.0.4.GA (build: CVSTag=JBoss_4_0_4_GA date=200605151000)" implVendor="JBoss Inc." implTitle="JBoss [Zion]" implVendorID="http://www.jboss.org/" implURL="http://www.jboss.org/" sealed="false" md5Digest="1e837a7df3578c6055ec1b9d3596b0e5"/>
  <jar name="servlets-invoker.jar" specVersion="4.0.4.GA" specVendor="JBoss (http://www.jboss.org/)" specTitle="JBoss" implVersion="4.0.4.GA (build: CVSTag=JBoss_4_0_4_GA date=200605151000)" implVendor="JBoss Inc." implTitle="JBoss [Zion]" implVendorID="http://www.jboss.org/" implURL="http://www.jboss.org/" sealed="false" md5Digest="4588e2c6d9b6995b2eecf1b8d417af1a"/>
  <jar name="servlets-webdav.jar" specVersion="4.0.4.GA" specVendor="JBoss (http://www.jboss.org/)" specTitle="JBoss" implVersion="4.0.4.GA (build: CVSTag=JBoss_4_0_4_GA date=200605151000)" implVendor="JBoss Inc." implTitle="JBoss [Zion]" implVendorID="http://www.jboss.org/" implURL="http://www.jboss.org/" sealed="false" md5Digest="2be3d4d82d66fe3261b1f80f7620f146"/>
  <jar name="shutdown.jar" specVersion="4.0.4.GA" specVendor="JBoss (http://www.jboss.org/)" specTitle="JBoss" implVersion="4.0.4.GA (build: CVSTag=JBoss_4_0_4_GA date=200605151000)" implVendor="JBoss Inc." implTitle="JBoss [Zion]" implVendorID="http://www.jboss.org/" implURL="http://www.jboss.org/" sealed="false" md5Digest="66481a9d6464cb3aaeb70b4b9b93733b"/>
  <jar name="snmp-adaptor.jar" specVersion="4.0.4.GA" specVendor="JBoss (http://www.jboss.org/)" specTitle="JBoss" implVersion="4.0.4.GA (build: CVSTag=JBoss_4_0_4_GA date=200605151000)" implVendor="JBoss Inc." implTitle="JBoss [Zion]" implVendorID="http://www.jboss.org/" implURL="http://www.jboss.org/" sealed="false" md5Digest="4e41d64ea199dbb39e8f37ce4d66d18d"/>
  <jar name="snmp-support.jar" specVersion="4.0.4.GA" specVendor="JBoss (http://www.jboss.org/)" specTitle="Contains both JoeSNMP (LGPL Version) and SnmpTrapAppender (Apache License)" implVersion="4.0.4.GA (build: CVSTag=JBoss_4_0_4_GA date=200605151000)" implVendor="JBoss Inc." implTitle="JBoss [Zion]" implVendorID="http://www.jboss.org/" implURL="http://www.jboss.org/" sealed="false" md5Digest="24f4f8a286ed1d2a769ab9bb8e6267cd"/>
  <jar name="tc5-cluster.aop" specVersion="4.0.4.GA" specVendor="JBoss (http://www.jboss.org/)" specTitle="JBoss" implVersion="4.0.4.GA (build: CVSTag=JBoss_4_0_4_GA date=200605151000)" implVendor="JBoss Inc." implTitle="JBoss [Zion]" implVendorID="http://www.jboss.org/" implURL="http://www.jboss.org/" sealed="false" md5Digest="6a37e7bea223375ec7e75a0da5186f90"/>
  <jar name="tomcat-ajp.jar" specVersion="4.0.4.GA" specVendor="JBoss (http://www.jboss.org/)" specTitle="JBoss" implVersion="4.0.4.GA (build: CVSTag=JBoss_4_0_4_GA date=200605151000)" implVendor="JBoss Inc." implTitle="JBoss [Zion]" implVendorID="http://www.jboss.org/" implURL="http://www.jboss.org/" sealed="false" md5Digest="7e7cf6d546609bb9c68f427bbe968ab7"/>
  <jar name="tomcat-apr.jar" specVersion="4.0.4.GA" specVendor="JBoss (http://www.jboss.org/)" specTitle="JBoss" implVersion="4.0.4.GA (build: CVSTag=JBoss_4_0_4_GA date=200605151000)" implVendor="JBoss Inc." implTitle="JBoss [Zion]" implVendorID="http://www.jboss.org/" implURL="http://www.jboss.org/" sealed="false" md5Digest="935c71bb019c7e244561d0ba12443c6b"/>
  <jar name="tomcat-coyote.jar" specVersion="4.0.4.GA" specVendor="JBoss (http://www.jboss.org/)" specTitle="JBoss" implVersion="4.0.4.GA (build: CVSTag=JBoss_4_0_4_GA date=200605151000)" implVendor="JBoss Inc." implTitle="JBoss [Zion]" implVendorID="http://www.jboss.org/" implURL="http://www.jboss.org/" sealed="false" md5Digest="905dcaaeb8825c6d1da32b82fa7009f0"/>
  <jar name="tomcat-http.jar" specVersion="4.0.4.GA" specVendor="JBoss (http://www.jboss.org/)" specTitle="JBoss" implVersion="4.0.4.GA (build: CVSTag=JBoss_4_0_4_GA date=200605151000)" implVendor="JBoss Inc." implTitle="JBoss [Zion]" implVendorID="http://www.jboss.org/" implURL="http://www.jboss.org/" sealed="false" md5Digest="ce85646ad2f1f9de9dc31f19a9b24f63"/>
  <jar name="tomcat-util.jar" specVersion="3.0" specVendor="Apache Software Foundation" specTitle="JBoss" implVersion="5.1" implVendor="Apache Software Foundation" implTitle="JBoss [Zion]" implVendorID="org.apache" implURL="http://www.jboss.org/" sealed="false" md5Digest="3f6f9b112bcbc57a6f154217a7a9f700"/>
  <jar name="tomcat55-service.jar" specVersion="4.0.4.GA" specVendor="JBoss (http://www.jboss.org/)" specTitle="JBoss" implVersion="4.0.4.GA (build: CVSTag=JBoss_4_0_4_GA date=200605151000)" implVendor="JBoss Inc." implTitle="JBoss [Zion]" implVendorID="http://www.jboss.org/" implURL="http://www.jboss.org/" sealed="false" md5Digest="9e9b29d679153bacced53f56bf9706fe"/>
  <jar name="trove.jar" specVersion="4.0.4.GA" specVendor="JBoss (http://www.jboss.org/)" specTitle="JBoss" implVersion="1.0.2" implVendor="JBoss Inc." implTitle="GNU Trove for Java" implVendorID="http://www.jboss.org/" implURL="http://trove4j.sourceforge.net/" sealed="false" md5Digest="2b59237d822512b6baae3f7a4925093c"/>
  <jar name="twiddle.jar" specVersion="4.0.4.GA" specVendor="JBoss (http://www.jboss.org/)" specTitle="JBoss" implVersion="4.0.4.GA (build: CVSTag=JBoss_4_0_4_GA date=200605151000)" implVendor="JBoss Inc." implTitle="JBoss [Zion]" implVendorID="http://www.jboss.org/" implURL="http://www.jboss.org/" sealed="false" md5Digest="54ad3f246062fdb32b1aeec51baee6a9"/>
  <jar name="uuid-key-generator.sar" specVersion="4.0.4.GA" specVendor="JBoss (http://www.jboss.org/)" specTitle="JBoss" implVersion="4.0.4.GA (build: CVSTag=JBoss_4_0_4_GA date=200605151000)" implVendor="JBoss Inc." implTitle="JBoss [Zion]" implVendorID="http://www.jboss.org/" implURL="http://www.jboss.org/" sealed="false" md5Digest="34218bb4adce80b5fab68f5b1833cdac"/>
  <jar name="webdavlib.jar" specVersion="2.0" specVendor="Apache Software Foundation" specTitle="Slide" implVersion="2.0" implVendor="Apache Software Foundation" implTitle="Slide" implVendorID="http://www.jboss.org/" implURL="http://www.jboss.org/" sealed="false" md5Digest="a855d55074c2e180bd84ed2a48eacf6"/>
  <jar name="wsdl4j.jar" specVersion="4.0.4.GA" specVendor="JBoss (http://www.jboss.org/)" specTitle="JBoss" implVersion="4.0.4.GA (build: CVSTag=JBoss_4_0_4_GA date=200605151000)" implVendor="JBoss Inc." implTitle="JBoss [Zion]" implVendorID="http://www.jboss.org/" implURL="http://www.jboss.org/" sealed="false" md5Digest="8d88c870412fb7073591ce114db67f5b"/>
  <jar name="xalan.jar" specVersion="4.0.4.GA" specVendor="JBoss (http://www.jboss.org/)" specTitle="JBoss" implVersion="4.0.4.GA (build: CVSTag=JBoss_4_0_4_GA date=200605151000)" implVendor="JBoss Inc." implTitle="JBoss [Zion]" implVendorID="http://www.jboss.org/" implURL="http://www.jboss.org/" sealed="false" md5Digest="a5968e33714f6670017ee156777e60d1"/>
  <jar name="xercesImpl.jar" specVersion="4.0.4.GA" specVendor="JBoss (http://www.jboss.org/)" specTitle="JBoss" implVersion="4.0.4.GA (build: CVSTag=JBoss_4_0_4_GA date=200605151000)" implVendor="JBoss Inc." implTitle="JBoss [Zion]" implVendorID="http://www.jboss.org/" implURL="http://www.jboss.org/" sealed="false" md5Digest="ea816b3b4c4a04e5f7072eae7350071a"/>
  <jar name="xml-apis.jar" specVersion="4.0.4.GA" specVendor="JBoss (http://www.jboss.org/)" specTitle="JBoss" implVersion="4.0.4.GA (build: CVSTag=JBoss_4_0_4_GA date=200605151000)" implVendor="JBoss Inc." implTitle="JBoss [Zion]" implVendorID="http://www.jboss.org/" implURL="http://www.jboss.org/" sealed="false" md5Digest="e87962bf4c58b2141c579594c7afd72e"/>
  <jar name="xmlentitymgr.jar" specVersion="4.0.4.GA" specVendor="JBoss (http://www.jboss.org/)" specTitle="JBoss" implVersion="4.0.4.GA (build: CVSTag=JBoss_4_0_4_GA date=200605151000)" implVendor="JBoss Inc." implTitle="JBoss [Zion]" implVendorID="http://www.jboss.org/" implURL="http://www.jboss.org/" sealed="false" md5Digest="fd0197eb694aa8335071bedf0e1ddd85"/>
  <jar name="xmlsec.jar" specVersion="4.0.4.GA" specVendor="JBoss (http://www.jboss.org/)" specTitle="JBoss" implVersion="4.0.4.GA (build: CVSTag=JBoss_4_0_4_GA date=200605151000)" implVendor="JBoss Inc." implTitle="JBoss [Zion]" implVendorID="http://www.jboss.org/" implURL="http://www.jboss.org/" sealed="false" md5Digest="bf8c9d07f9f347cd55f4699d9502abbe"/>
</jar-versions>
